0.000000,0.000000,0.301000,0.050000,0.000000,0.301000
0.000000,0.000000,0.301000,0.050000,0.000000,0.301000
0.000034,-0.000012,0.301017,0.050034,-0.000012,0.301017
0.000061,-0.000016,0.301044,0.050061,-0.000016,0.301044
0.000097,-0.000016,0.301073,0.050097,-0.000016,0.301073
0.000132,-0.000014,0.301104,0.050132,-0.000014,0.301104
0.000163,-0.000007,0.301135,0.050163,-0.000007,0.301135
0.000195,0.000002,0.301167,0.050195,0.000002,0.301167
0.000224,-0.000000,0.301186,0.050224,-0.000000,0.301186
0.000255,0.000011,0.301206,0.050255,0.000011,0.301206
0.000285,0.000014,0.301215,0.050285,0.000014,0.301215
0.000317,0.000014,0.301210,0.050317,0.000014,0.301210
0.000341,0.000010,0.301198,0.050341,0.000010,0.301198
0.000366,0.000015,0.301181,0.050366,0.000015,0.301181
0.000395,0.000020,0.301160,0.050395,0.000020,0.301160
0.000424,0.000019,0.301133,0.050424,0.000019,0.301133
0.000451,0.000017,0.301092,0.050451,0.000017,0.301092
0.000474,0.000015,0.301048,0.050474,0.000015,0.301048
0.000496,0.000012,0.300998,0.050496,0.000012,0.300998
0.000519,0.000004,0.300940,0.050519,0.000004,0.300940
0.000541,0.000001,0.300882,0.050541,0.000001,0.300882
0.000562,0.000003,0.300813,0.050562,0.000003,0.300813
0.000582,0.000006,0.300740,0.050582,0.000006,0.300740
0.000601,0.000003,0.300665,0.050601,0.000003,0.300665
0.000618,-0.000004,0.300582,0.050618,-0.000004,0.300582
0.000637,-0.000010,0.300493,0.050637,-0.000010,0.300493
0.000656,-0.000012,0.300403,0.050656,-0.000012,0.300403
0.000676,-0.000013,0.300307,0.050676,-0.000013,0.300307
0.000699,-0.000015,0.300204,0.050699,-0.000015,0.300204
0.000718,-0.000014,0.300095,0.050718,-0.000014,0.300095
0.000740,-0.000013,0.299979,0.050740,-0.000013,0.299979
0.000758,-0.000011,0.299857,0.050758,-0.000011,0.299857
0.000779,-0.000008,0.299725,0.050779,-0.000008,0.299725
0.000802,-0.000007,0.299584,0.050802,-0.000007,0.299584
0.000820,-0.000006,0.299430,0.050820,-0.000006,0.299430
0.000843,-0.000003,0.299271,0.050843,-0.000003,0.299271
0.000858,0.000001,0.299104,0.050858,0.000001,0.299104
0.000881,0.000004,0.298928,0.050881,0.000004,0.298928
0.000904,0.000009,0.298742,0.050904,0.000009,0.298742
0.000923,0.000016,0.298548,0.050923,0.000016,0.298548
0.000952,0.000019,0.298345,0.050952,0.000019,0.298345
0.000978,0.000020,0.298133,0.050978,0.000020,0.298133
0.001004,0.000015,0.297911,0.051004,0.000015,0.297911
0.001025,0.000014,0.297682,0.051025,0.000014,0.297682
0.001050,0.000011,0.297445,0.051050,0.000011,0.297445
0.001068,0.000007,0.297205,0.051068,0.000007,0.297205
0.001086,0.000001,0.296957,0.051086,0.000001,0.296957
0.001109,-0.000001,0.296699,0.051109,-0.000001,0.296699
0.001135,-0.000002,0.296436,0.051135,-0.000002,0.296436
0.001155,-0.000004,0.296165,0.051155,-0.000004,0.296165
0.001180,-0.000007,0.295887,0.051180,-0.000007,0.295887
0.001204,-0.000009,0.295603,0.051204,-0.000009,0.295603
0.001235,-0.000011,0.295311,0.051235,-0.000011,0.295311
0.001251,-0.000011,0.295011,0.051251,-0.000011,0.295011
0.001273,-0.000013,0.294705,0.051273,-0.000013,0.294705
0.001301,-0.000013,0.294392,0.051301,-0.000013,0.294392
0.001327,-0.000013,0.294071,0.051327,-0.000013,0.294071
0.001352,-0.000015,0.293744,0.051352,-0.000015,0.293744
0.001379,-0.000017,0.293408,0.051379,-0.000017,0.293408
0.001406,-0.000018,0.293066,0.051406,-0.000018,0.293066
0.001429,-0.000018,0.292716,0.051429,-0.000018,0.292716
0.001455,-0.000014,0.292361,0.051455,-0.000014,0.292361
0.001485,-0.000011,0.292000,0.051485,-0.000011,0.292000
0.001509,-0.000008,0.291633,0.051509,-0.000008,0.291633
0.001530,-0.000005,0.291258,0.051530,-0.000005,0.291258
0.001549,-0.000006,0.290875,0.051549,-0.000006,0.290875
0.001572,-0.000005,0.290488,0.051572,-0.000005,0.290488
0.001600,-0.000004,0.290094,0.051600,-0.000004,0.290094
0.001624,-0.000005,0.289694,0.051624,-0.000005,0.289694
0.001647,-0.000002,0.289288,0.051647,-0.000002,0.289288
0.001665,-0.000001,0.288876,0.051665,-0.000001,0.288876
0.001686,0.000000,0.288458,0.051686,0.000000,0.288458
0.001704,0.000001,0.288031,0.051704,0.000001,0.288031
0.001729,0.000000,0.287597,0.051729,0.000000,0.287597
0.001753,0.000004,0.287157,0.051753,0.000004,0.287157
0.001770,0.000006,0.286711,0.051770,0.000006,0.286711
0.001787,0.000007,0.286257,0.051787,0.000007,0.286257
0.001800,0.000005,0.285797,0.051800,0.000005,0.285797
0.001819,0.000002,0.285330,0.051819,0.000002,0.285330
0.001836,0.000001,0.284856,0.051836,0.000001,0.284856
0.001854,0.000000,0.284375,0.051854,0.000000,0.284375
0.001880,0.000001,0.283889,0.051880,0.000001,0.283889
0.001896,0.000002,0.283395,0.051896,0.000002,0.283395
0.001906,0.000003,0.282894,0.051906,0.000003,0.282894
0.001929,0.000001,0.282389,0.051929,0.000001,0.282389
0.001951,-0.000001,0.281878,0.051951,-0.000001,0.281878
0.001968,0.000001,0.281361,0.051968,0.000001,0.281361
0.001980,-0.000001,0.280835,0.051980,-0.000001,0.280835
0.001996,-0.000002,0.280302,0.051996,-0.000002,0.280302
0.002012,-0.000000,0.279765,0.052012,-0.000000,0.279765
0.002032,-0.000002,0.279221,0.052032,-0.000002,0.279221
0.002049,-0.000001,0.278671,0.052049,-0.000001,0.278671
0.002072,-0.000001,0.278114,0.052072,-0.000001,0.278114
0.002093,0.000002,0.277546,0.052093,0.000002,0.277546
0.002119,0.000002,0.276972,0.052119,0.000002,0.276972
0.002144,0.000004,0.276392,0.052144,0.000004,0.276392
0.002165,0.000003,0.275805,0.052165,0.000003,0.275805
0.002183,0.000001,0.275212,0.052183,0.000001,0.275212
0.002201,0.000001,0.274612,0.052201,0.000001,0.274612
0.002229,0.000002,0.274005,0.052229,0.000002,0.274005
0.002247,-0.000001,0.273389,0.052247,-0.000001,0.273389
0.002276,-0.000003,0.272768,0.052276,-0.000003,0.272768
0.002303,-0.000005,0.272139,0.052303,-0.000005,0.272139
0.002328,-0.000007,0.271498,0.052328,-0.000007,0.271498
0.002356,-0.000005,0.270853,0.052356,-0.000005,0.270853
0.002382,-0.000002,0.270201,0.052382,-0.000002,0.270201
0.002409,-0.000000,0.269542,0.052409,-0.000000,0.269542
0.002435,0.000003,0.268877,0.052435,0.000003,0.268877
0.002463,0.000005,0.268204,0.052463,0.000005,0.268204
0.002490,0.000007,0.267522,0.052490,0.000007,0.267522
0.002524,0.000008,0.266831,0.052524,0.000008,0.266831
0.002554,0.000008,0.266140,0.052554,0.000008,0.266140
0.002584,0.000007,0.265441,0.052584,0.000007,0.265441
0.002618,0.000002,0.264737,0.052618,0.000002,0.264737
0.002648,0.000001,0.264027,0.052648,0.000001,0.264027
0.002682,0.000003,0.263310,0.052682,0.000003,0.263310
0.002716,0.000003,0.262587,0.052716,0.000003,0.262587
0.002750,-0.000001,0.261859,0.052750,-0.000001,0.261859
0.002785,-0.000003,0.261125,0.052785,-0.000003,0.261125
0.002816,-0.000007,0.260385,0.052816,-0.000007,0.260385
0.002840,-0.000009,0.259643,0.052840,-0.000009,0.259643
0.002875,-0.000008,0.258894,0.052875,-0.000008,0.258894
0.002898,-0.000012,0.258138,0.052898,-0.000012,0.258138
0.002927,-0.000014,0.257381,0.052927,-0.000014,0.257381
0.002952,-0.000017,0.256618,0.052952,-0.000017,0.256618
0.002982,-0.000011,0.255850,0.052982,-0.000011,0.255850
0.003015,-0.000007,0.255079,0.053015,-0.000007,0.255079
0.003054,-0.000001,0.254299,0.053054,-0.000001,0.254299
0.003089,0.000003,0.253512,0.053089,0.000003,0.253512
0.003124,0.000005,0.252721,0.053124,0.000005,0.252721
0.003163,0.000005,0.251923,0.053163,0.000005,0.251923
0.003191,0.000002,0.251118,0.053191,0.000002,0.251118
0.003217,0.000004,0.250301,0.053217,0.000004,0.250301
0.003243,0.000008,0.249476,0.053243,0.000008,0.249476
0.003272,0.000011,0.248647,0.053272,0.000011,0.248647
0.003302,0.000013,0.247813,0.053302,0.000013,0.247813
0.003328,0.000015,0.246970,0.053328,0.000015,0.246970
0.003354,0.000013,0.246120,0.053354,0.000013,0.246120
0.003388,0.000013,0.245263,0.053388,0.000013,0.245263
0.003419,0.000009,0.244401,0.053419,0.000009,0.244401
0.003450,0.000007,0.243531,0.053450,0.000007,0.243531
0.003481,0.000005,0.242655,0.053481,0.000005,0.242655
0.003511,0.000004,0.241776,0.053511,0.000004,0.241776
0.003529,0.000008,0.240890,0.053529,0.000008,0.240890
0.003550,0.000002,0.239999,0.053550,0.000002,0.239999
0.003557,0.000002,0.239108,0.053557,0.000002,0.239108
0.003554,0.000002,0.238216,0.053554,0.000002,0.238216
0.003540,0.000008,0.237328,0.053540,0.000008,0.237328
0.003498,0.000017,0.236447,0.053498,0.000017,0.236447
0.003441,0.000006,0.235586,0.053441,0.000006,0.235586
0.003349,0.000010,0.234746,0.053349,0.000010,0.234746
0.003222,0.000000,0.233925,0.053222,0.000000,0.233925
0.003052,-0.000018,0.233156,0.053052,-0.000018,0.233156
0.002828,-0.000062,0.232436,0.052828,-0.000062,0.232436
0.002558,-0.000088,0.231722,0.052558,-0.000088,0.231722
0.002231,-0.000061,0.231022,0.052231,-0.000061,0.231022
0.001848,-0.000050,0.230346,0.051848,-0.000050,0.230346
0.001427,-0.000040,0.229679,0.051427,-0.000040,0.229679
0.000967,-0.000012,0.229014,0.050967,-0.000012,0.229014
0.000481,0.000006,0.228360,0.050481,0.000006,0.228360
-0.000038,-0.000010,0.227723,0.049962,-0.000010,0.227723
-0.000617,-0.000031,0.227080,0.049383,-0.000031,0.227080
-0.001252,-0.000013,0.226437,0.048748,-0.000013,0.226437
-0.001903,-0.000001,0.225786,0.048097,-0.000001,0.225786
-0.002563,-0.000014,0.225131,0.047437,-0.000014,0.225131
-0.003237,-0.000028,0.224474,0.046763,-0.000028,0.224474
-0.003941,-0.000038,0.223798,0.046059,-0.000038,0.223798
-0.004676,-0.000051,0.223120,0.045324,-0.000051,0.223120
-0.005427,-0.000054,0.222431,0.044573,-0.000054,0.222431
-0.006198,-0.000060,0.221737,0.043802,-0.000060,0.221737
-0.006966,-0.000076,0.221050,0.043034,-0.000076,0.221050
-0.007738,-0.000086,0.220364,0.042262,-0.000086,0.220364
-0.008527,-0.000085,0.219680,0.041473,-0.000085,0.219680
-0.009331,-0.000077,0.218986,0.040669,-0.000077,0.218986
-0.010158,-0.000080,0.218292,0.039842,-0.000080,0.218292
-0.011019,-0.000080,0.217599,0.038981,-0.000080,0.217599
-0.011876,-0.000077,0.216896,0.038124,-0.000077,0.216896
-0.012720,-0.000079,0.216184,0.037280,-0.000079,0.216184
-0.013572,-0.000080,0.215470,0.036428,-0.000080,0.215470
-0.014424,-0.000086,0.214757,0.035576,-0.000086,0.214757
-0.015288,-0.000093,0.214042,0.034712,-0.000093,0.214042
-0.016159,-0.000101,0.213322,0.033841,-0.000101,0.213322
-0.017032,-0.000108,0.212595,0.032968,-0.000108,0.212595
-0.017912,-0.000119,0.211861,0.032088,-0.000119,0.211861
-0.018797,-0.000127,0.211116,0.031203,-0.000127,0.211116
-0.019682,-0.000134,0.210360,0.030318,-0.000134,0.210360
-0.020573,-0.000144,0.209591,0.029427,-0.000144,0.209591
-0.021481,-0.000147,0.208811,0.028519,-0.000147,0.208811
-0.022392,-0.000149,0.208023,0.027608,-0.000149,0.208023
-0.023307,-0.000148,0.207229,0.026693,-0.000148,0.207229
-0.024243,-0.000146,0.206432,0.025757,-0.000146,0.206432
-0.025195,-0.000154,0.205632,0.024805,-0.000154,0.205632
-0.026146,-0.000159,0.204826,0.023854,-0.000159,0.204826
-0.027108,-0.000163,0.204035,0.022892,-0.000163,0.204035
-0.028076,-0.000179,0.203256,0.021924,-0.000179,0.203256
-0.029048,-0.000187,0.202491,0.020952,-0.000187,0.202491
-0.030025,-0.000190,0.201747,0.019975,-0.000190,0.201747
-0.031002,-0.000192,0.201024,0.018998,-0.000192,0.201024
-0.031987,-0.000198,0.200329,0.018013,-0.000198,0.200329
-0.032982,-0.000213,0.199664,0.017018,-0.000213,0.199664
-0.033977,-0.000202,0.199078,0.016023,-0.000202,0.199078
-0.034984,-0.000238,0.198591,0.015016,-0.000238,0.198591
-0.036003,-0.000259,0.198199,0.013997,-0.000259,0.198199
-0.036982,-0.000274,0.197903,0.013018,-0.000274,0.197903
-0.038007,-0.000325,0.197712,0.011993,-0.000325,0.197712
-0.039018,-0.000315,0.197575,0.010982,-0.000315,0.197575
-0.039998,-0.000318,0.197548,0.010002,-0.000318,0.197548
-0.040973,-0.000334,0.197614,0.009027,-0.000334,0.197614
-0.041928,-0.000328,0.197749,0.008072,-0.000328,0.197749
-0.042902,-0.000354,0.197939,0.007098,-0.000354,0.197939
-0.043881,-0.000330,0.198213,0.006119,-0.000330,0.198213
-0.044828,-0.000361,0.198524,0.005172,-0.000361,0.198524
-0.045787,-0.000356,0.198867,0.004213,-0.000356,0.198867
-0.046730,-0.000389,0.199216,0.003270,-0.000389,0.199216
-0.047655,-0.000453,0.199566,0.002345,-0.000453,0.199566
-0.048599,-0.000488,0.199920,0.001401,-0.000488,0.199920
-0.049538,-0.000511,0.200284,0.000462,-0.000511,0.200284
-0.050484,-0.000524,0.200643,-0.000484,-0.000524,0.200643
-0.051417,-0.000551,0.200981,-0.001417,-0.000551,0.200981
-0.052341,-0.000560,0.201288,-0.002341,-0.000560,0.201288
-0.053268,-0.000575,0.201585,-0.003268,-0.000575,0.201585
-0.054196,-0.000571,0.201856,-0.004196,-0.000571,0.201856
-0.055125,-0.000567,0.202109,-0.005125,-0.000567,0.202109
-0.056035,-0.000556,0.202348,-0.006035,-0.000556,0.202348
-0.056943,-0.000540,0.202569,-0.006943,-0.000540,0.202569
-0.057850,-0.000528,0.202763,-0.007850,-0.000528,0.202763
-0.058767,-0.000522,0.202953,-0.008767,-0.000522,0.202953
-0.059683,-0.000503,0.203127,-0.009683,-0.000503,0.203127
-0.060591,-0.000491,0.203302,-0.010591,-0.000491,0.203302
-0.061495,-0.000490,0.203460,-0.011495,-0.000490,0.203460
-0.062401,-0.000489,0.203613,-0.012401,-0.000489,0.203613
-0.063305,-0.000489,0.203752,-0.013305,-0.000489,0.203752
-0.064210,-0.000487,0.203878,-0.014210,-0.000487,0.203878
-0.065116,-0.000484,0.203996,-0.015116,-0.000484,0.203996
-0.066028,-0.000480,0.204103,-0.016028,-0.000480,0.204103
-0.066951,-0.000473,0.204201,-0.016951,-0.000473,0.204201
-0.067866,-0.000469,0.204294,-0.017866,-0.000469,0.204294
-0.068774,-0.000462,0.204383,-0.018774,-0.000462,0.204383
-0.069687,-0.000457,0.204468,-0.019687,-0.000457,0.204468
-0.070599,-0.000458,0.204550,-0.020599,-0.000458,0.204550
-0.071510,-0.000455,0.204620,-0.021510,-0.000455,0.204620
-0.072424,-0.000459,0.204680,-0.022424,-0.000459,0.204680
-0.073348,-0.000463,0.204730,-0.023348,-0.000463,0.204730
-0.074276,-0.000466,0.204781,-0.024276,-0.000466,0.204781
-0.075195,-0.000474,0.204822,-0.025195,-0.000474,0.204822
-0.076114,-0.000469,0.204854,-0.026114,-0.000469,0.204854
-0.077040,-0.000459,0.204879,-0.027040,-0.000459,0.204879
-0.077970,-0.000458,0.204906,-0.027970,-0.000458,0.204906
-0.078902,-0.000445,0.204926,-0.028902,-0.000445,0.204926
-0.079840,-0.000437,0.204950,-0.029840,-0.000437,0.204950
-0.080776,-0.000432,0.204969,-0.030776,-0.000432,0.204969
-0.081717,-0.000419,0.204989,-0.031717,-0.000419,0.204989
-0.082660,-0.000407,0.205004,-0.032660,-0.000407,0.205004
-0.083592,-0.000394,0.205015,-0.033592,-0.000394,0.205015
-0.084536,-0.000382,0.205023,-0.034536,-0.000382,0.205023
-0.085496,-0.000377,0.205030,-0.035496,-0.000377,0.205030
-0.086437,-0.000382,0.205036,-0.036437,-0.000382,0.205036
-0.087370,-0.000379,0.205038,-0.037370,-0.000379,0.205038
-0.088308,-0.000377,0.205040,-0.038308,-0.000377,0.205040
-0.089240,-0.000370,0.205040,-0.039240,-0.000370,0.205040
-0.090157,-0.000363,0.205040,-0.040157,-0.000363,0.205040
-0.091085,-0.000357,0.205040,-0.041085,-0.000357,0.205040
-0.092011,-0.000353,0.205036,-0.042011,-0.000353,0.205036
-0.092945,-0.000357,0.205032,-0.042945,-0.000357,0.205032
-0.093868,-0.000350,0.205020,-0.043868,-0.000350,0.205020
-0.094795,-0.000338,0.205008,-0.044795,-0.000338,0.205008
-0.095703,-0.000335,0.204992,-0.045703,-0.000335,0.204992
-0.096631,-0.000332,0.204977,-0.046631,-0.000332,0.204977
-0.097559,-0.000323,0.204955,-0.047559,-0.000323,0.204955
-0.098487,-0.000313,0.204932,-0.048487,-0.000313,0.204932
-0.099401,-0.000306,0.204915,-0.049401,-0.000306,0.204915
-0.100302,-0.000294,0.204897,-0.050302,-0.000294,0.204897
-0.101216,-0.000288,0.204866,-0.051216,-0.000288,0.204866
-0.102126,-0.000283,0.204839,-0.052126,-0.000283,0.204839
-0.103035,-0.000275,0.204815,-0.053035,-0.000275,0.204815
-0.103949,-0.000269,0.204792,-0.053949,-0.000269,0.204792
-0.104861,-0.000266,0.204771,-0.054861,-0.000266,0.204771
-0.105771,-0.000260,0.204745,-0.055771,-0.000260,0.204745
-0.106675,-0.000260,0.204712,-0.056675,-0.000260,0.204712
-0.107574,-0.000246,0.204681,-0.057574,-0.000246,0.204681
-0.108471,-0.000239,0.204649,-0.058471,-0.000239,0.204649
-0.109365,-0.000241,0.204609,-0.059365,-0.000241,0.204609
-0.110250,-0.000243,0.204572,-0.060250,-0.000243,0.204572
-0.111152,-0.000247,0.204534,-0.061152,-0.000247,0.204534
-0.112048,-0.000248,0.204494,-0.062048,-0.000248,0.204494
-0.112926,-0.000240,0.204452,-0.062926,-0.000240,0.204452
-0.113813,-0.000237,0.204407,-0.063813,-0.000237,0.204407
-0.114694,-0.000234,0.204360,-0.064694,-0.000234,0.204360
-0.115571,-0.000231,0.204311,-0.065571,-0.000231,0.204311
-0.116446,-0.000229,0.204263,-0.066446,-0.000229,0.204263
-0.117318,-0.000228,0.204213,-0.067318,-0.000228,0.204213
-0.118190,-0.000224,0.204161,-0.068190,-0.000224,0.204161
-0.119058,-0.000216,0.204108,-0.069058,-0.000216,0.204108
-0.119925,-0.000212,0.204050,-0.069925,-0.000212,0.204050
-0.120792,-0.000209,0.203991,-0.070792,-0.000209,0.203991
-0.121666,-0.000207,0.203927,-0.071666,-0.000207,0.203927
-0.122528,-0.000203,0.203865,-0.072528,-0.000203,0.203865
-0.123397,-0.000192,0.203802,-0.073397,-0.000192,0.203802
-0.124262,-0.000179,0.203735,-0.074262,-0.000179,0.203735
-0.125134,-0.000166,0.203673,-0.075134,-0.000166,0.203673
-0.125983,-0.000150,0.203610,-0.075983,-0.000150,0.203610
-0.126839,-0.000135,0.203542,-0.076839,-0.000135,0.203542
-0.127691,-0.000127,0.203477,-0.077691,-0.000127,0.203477
-0.128547,-0.000115,0.203411,-0.078547,-0.000115,0.203411
-0.129403,-0.000101,0.203340,-0.079403,-0.000101,0.203340
-0.130252,-0.000092,0.203269,-0.080252,-0.000092,0.203269
-0.131104,-0.000082,0.203190,-0.081104,-0.000082,0.203190
-0.131958,-0.000079,0.203110,-0.081958,-0.000079,0.203110
-0.132807,-0.000079,0.203030,-0.082807,-0.000079,0.203030
-0.133653,-0.000072,0.202946,-0.083653,-0.000072,0.202946
-0.134499,-0.000059,0.202857,-0.084499,-0.000059,0.202857
-0.135346,-0.000045,0.202765,-0.085346,-0.000045,0.202765
-0.136188,-0.000034,0.202670,-0.086188,-0.000034,0.202670
-0.137037,-0.000022,0.202567,-0.087037,-0.000022,0.202567
-0.137884,-0.000017,0.202460,-0.087884,-0.000017,0.202460
-0.138729,-0.000015,0.202352,-0.088729,-0.000015,0.202352
-0.139577,-0.000015,0.202244,-0.089577,-0.000015,0.202244
-0.140421,-0.000016,0.202128,-0.090421,-0.000016,0.202128
-0.141272,-0.000019,0.202006,-0.091272,-0.000019,0.202006
-0.142113,-0.000020,0.201879,-0.092113,-0.000020,0.201879
-0.142968,-0.000029,0.201752,-0.092968,-0.000029,0.201752
-0.143817,-0.000028,0.201622,-0.093817,-0.000028,0.201622
-0.144673,-0.000027,0.201500,-0.094673,-0.000027,0.201500
-0.145536,-0.000035,0.201380,-0.095536,-0.000035,0.201380
-0.146391,-0.000047,0.201263,-0.096391,-0.000047,0.201263
-0.147241,-0.000049,0.201154,-0.097241,-0.000049,0.201154
-0.148102,-0.000048,0.201055,-0.098102,-0.000048,0.201055
-0.148965,-0.000032,0.200970,-0.098965,-0.000032,0.200970
-0.149822,-0.000032,0.200898,-0.099822,-0.000032,0.200898
-0.150684,-0.000034,0.200849,-0.100684,-0.000034,0.200849
-0.151540,-0.000039,0.200809,-0.101540,-0.000039,0.200809
-0.152400,-0.000058,0.200775,-0.102400,-0.000058,0.200775
-0.153257,-0.000055,0.200757,-0.103257,-0.000055,0.200757
-0.154119,-0.000053,0.200742,-0.104119,-0.000053,0.200742
-0.154972,-0.000052,0.200724,-0.104972,-0.000052,0.200724
-0.155820,-0.000061,0.200723,-0.105820,-0.000061,0.200723
-0.156662,-0.000078,0.200729,-0.106662,-0.000078,0.200729
-0.157503,-0.000069,0.200740,-0.107503,-0.000069,0.200740
-0.158352,-0.000066,0.200752,-0.108352,-0.000066,0.200752
-0.159201,-0.000062,0.200768,-0.109201,-0.000062,0.200768
-0.160044,-0.000064,0.200796,-0.110044,-0.000064,0.200796
-0.160892,-0.000070,0.200826,-0.110892,-0.000070,0.200826
-0.161727,-0.000072,0.200868,-0.111727,-0.000072,0.200868
-0.162569,-0.000079,0.200919,-0.112569,-0.000079,0.200919
-0.163400,-0.000088,0.200982,-0.113400,-0.000088,0.200982
-0.164236,-0.000097,0.201054,-0.114236,-0.000097,0.201054
-0.165063,-0.000107,0.201141,-0.115063,-0.000107,0.201141
-0.165900,-0.000116,0.201226,-0.115900,-0.000116,0.201226
-0.166719,-0.000128,0.201323,-0.116719,-0.000128,0.201323
-0.167544,-0.000134,0.201431,-0.117544,-0.000134,0.201431
-0.168375,-0.000148,0.201545,-0.118375,-0.000148,0.201545
-0.169201,-0.000163,0.201670,-0.119201,-0.000163,0.201670
-0.170029,-0.000173,0.201798,-0.120029,-0.000173,0.201798
-0.170849,-0.000176,0.201921,-0.120849,-0.000176,0.201921
-0.171671,-0.000180,0.202046,-0.121671,-0.000180,0.202046
-0.172487,-0.000179,0.202164,-0.122487,-0.000179,0.202164
-0.173301,-0.000184,0.202276,-0.123301,-0.000184,0.202276
-0.174112,-0.000186,0.202383,-0.124112,-0.000186,0.202383
-0.174922,-0.000189,0.202482,-0.124922,-0.000189,0.202482
-0.175724,-0.000189,0.202578,-0.125724,-0.000189,0.202578
-0.176539,-0.000185,0.202664,-0.126539,-0.000185,0.202664
-0.177351,-0.000189,0.202746,-0.127351,-0.000189,0.202746
-0.178163,-0.000194,0.202823,-0.128163,-0.000194,0.202823
-0.178979,-0.000196,0.202893,-0.128979,-0.000196,0.202893
-0.179788,-0.000199,0.202961,-0.129788,-0.000199,0.202961
-0.180598,-0.000205,0.203027,-0.130598,-0.000205,0.203027
-0.181404,-0.000209,0.203093,-0.131404,-0.000209,0.203093
-0.182206,-0.000211,0.203160,-0.132206,-0.000211,0.203160
-0.183009,-0.000206,0.203226,-0.133009,-0.000206,0.203226
-0.183816,-0.000197,0.203290,-0.133816,-0.000197,0.203290
-0.184620,-0.000198,0.203356,-0.134620,-0.000198,0.203356
-0.185419,-0.000199,0.203421,-0.135419,-0.000199,0.203421
-0.186216,-0.000204,0.203486,-0.136216,-0.000204,0.203486
-0.187017,-0.000204,0.203549,-0.137017,-0.000204,0.203549
-0.187830,-0.000209,0.203614,-0.137830,-0.000209,0.203614
-0.188626,-0.000209,0.203678,-0.138626,-0.000209,0.203678
-0.189417,-0.000210,0.203744,-0.139417,-0.000210,0.203744
-0.190204,-0.000216,0.203812,-0.140204,-0.000216,0.203812
-0.190988,-0.000219,0.203878,-0.140988,-0.000219,0.203878
-0.191770,-0.000231,0.203936,-0.141770,-0.000231,0.203936
-0.192554,-0.000244,0.203991,-0.142554,-0.000244,0.203991
-0.193336,-0.000258,0.204045,-0.143336,-0.000258,0.204045
-0.194108,-0.000273,0.204090,-0.144108,-0.000273,0.204090
-0.194877,-0.000281,0.204130,-0.144877,-0.000281,0.204130
-0.195658,-0.000292,0.204170,-0.145658,-0.000292,0.204170
-0.196439,-0.000299,0.204206,-0.146439,-0.000299,0.204206
-0.197213,-0.000306,0.204236,-0.147213,-0.000306,0.204236
-0.197982,-0.000311,0.204263,-0.147982,-0.000311,0.204263
-0.198756,-0.000319,0.204285,-0.148756,-0.000319,0.204285
-0.199523,-0.000327,0.204305,-0.149523,-0.000327,0.204305
-0.200292,-0.000332,0.204321,-0.150292,-0.000332,0.204321
-0.201061,-0.000337,0.204337,-0.151061,-0.000337,0.204337
-0.201829,-0.000340,0.204347,-0.151829,-0.000340,0.204347
-0.202600,-0.000347,0.204356,-0.152600,-0.000347,0.204356
-0.203357,-0.000355,0.204365,-0.153357,-0.000355,0.204365
-0.204122,-0.000363,0.204373,-0.154122,-0.000363,0.204373
-0.204877,-0.000370,0.204378,-0.154877,-0.000370,0.204378
-0.205629,-0.000373,0.204381,-0.155629,-0.000373,0.204381
-0.206381,-0.000370,0.204384,-0.156381,-0.000370,0.204384
-0.207125,-0.000371,0.204384,-0.157125,-0.000371,0.204384
-0.207881,-0.000374,0.204379,-0.157881,-0.000374,0.204379
-0.208642,-0.000379,0.204370,-0.158642,-0.000379,0.204370
-0.209389,-0.000381,0.204356,-0.159389,-0.000381,0.204356
-0.210139,-0.000386,0.204343,-0.160139,-0.000386,0.204343
-0.210890,-0.000390,0.204326,-0.160890,-0.000390,0.204326
-0.211631,-0.000391,0.204309,-0.161631,-0.000391,0.204309
-0.212381,-0.000395,0.204291,-0.162381,-0.000395,0.204291
-0.213126,-0.000393,0.204270,-0.163126,-0.000393,0.204270
-0.213873,-0.000396,0.204250,-0.163873,-0.000396,0.204250
-0.214620,-0.000400,0.204225,-0.164620,-0.000400,0.204225
-0.215361,-0.000404,0.204194,-0.165361,-0.000404,0.204194
-0.216100,-0.000400,0.204165,-0.166100,-0.000400,0.204165
-0.216851,-0.000395,0.204130,-0.166851,-0.000395,0.204130
-0.217606,-0.000386,0.204089,-0.167606,-0.000386,0.204089
-0.218350,-0.000379,0.204044,-0.168350,-0.000379,0.204044
-0.219095,-0.000371,0.203994,-0.169095,-0.000371,0.203994
-0.219834,-0.000362,0.203942,-0.169834,-0.000362,0.203942
-0.220574,-0.000357,0.203887,-0.170574,-0.000357,0.203887
-0.221321,-0.000351,0.203822,-0.171321,-0.000351,0.203822
-0.222071,-0.000347,0.203754,-0.172071,-0.000347,0.203754
-0.222812,-0.000338,0.203678,-0.172812,-0.000338,0.203678
-0.223551,-0.000324,0.203600,-0.173551,-0.000324,0.203600
-0.224293,-0.000313,0.203520,-0.174293,-0.000313,0.203520
-0.225039,-0.000304,0.203437,-0.175039,-0.000304,0.203437
-0.225785,-0.000297,0.203353,-0.175785,-0.000297,0.203353
-0.226528,-0.000295,0.203267,-0.176528,-0.000295,0.203267
-0.227271,-0.000289,0.203182,-0.177271,-0.000289,0.203182
-0.228029,-0.000280,0.203094,-0.178029,-0.000280,0.203094
-0.228793,-0.000273,0.203011,-0.178793,-0.000273,0.203011
-0.229550,-0.000262,0.202922,-0.179550,-0.000262,0.202922
-0.230325,-0.000254,0.202839,-0.180325,-0.000254,0.202839
-0.231103,-0.000249,0.202765,-0.181103,-0.000249,0.202765
-0.231889,-0.000244,0.202691,-0.181889,-0.000244,0.202691
-0.232686,-0.000244,0.202614,-0.182686,-0.000244,0.202614
-0.233486,-0.000242,0.202549,-0.183486,-0.000242,0.202549
-0.234301,-0.000242,0.202494,-0.184301,-0.000242,0.202494
-0.235126,-0.000236,0.202442,-0.185126,-0.000236,0.202442
-0.235958,-0.000238,0.202394,-0.185958,-0.000238,0.202394
-0.236794,-0.000234,0.202353,-0.186794,-0.000234,0.202353
-0.237636,-0.000217,0.202315,-0.187636,-0.000217,0.202315
-0.238483,-0.000211,0.202277,-0.188483,-0.000211,0.202277
-0.239352,-0.000215,0.202243,-0.189352,-0.000215,0.202243
-0.240227,-0.000209,0.202210,-0.190227,-0.000209,0.202210
-0.241101,-0.000202,0.202186,-0.191101,-0.000202,0.202186
-0.241977,-0.000196,0.202161,-0.191977,-0.000196,0.202161
-0.242855,-0.000201,0.202140,-0.192855,-0.000201,0.202140
-0.243741,-0.000201,0.202116,-0.193741,-0.000201,0.202116
-0.244629,-0.000198,0.202092,-0.194629,-0.000198,0.202092
-0.245522,-0.000200,0.202067,-0.195522,-0.000200,0.202067
-0.246417,-0.000198,0.202038,-0.196417,-0.000198,0.202038
-0.247317,-0.000206,0.202015,-0.197317,-0.000206,0.202015
-0.248212,-0.000205,0.201993,-0.198212,-0.000205,0.201993
-0.249110,-0.000203,0.201974,-0.199110,-0.000203,0.201974
-0.250005,-0.000204,0.201964,-0.200005,-0.000204,0.201964
-0.250894,-0.000200,0.201954,-0.200894,-0.000200,0.201954
-0.251793,-0.000202,0.201941,-0.201793,-0.000202,0.201941
-0.252675,-0.000205,0.201933,-0.202675,-0.000205,0.201933
-0.253560,-0.000200,0.201930,-0.203560,-0.000200,0.201930
-0.254454,-0.000199,0.201928,-0.204454,-0.000199,0.201928
-0.255344,-0.000193,0.201927,-0.205344,-0.000193,0.201927
-0.256239,-0.000201,0.201932,-0.206239,-0.000201,0.201932
-0.257120,-0.000201,0.201939,-0.207120,-0.000201,0.201939
-0.257998,-0.000198,0.201945,-0.207998,-0.000198,0.201945
-0.258880,-0.000194,0.201958,-0.208880,-0.000194,0.201958
-0.259760,-0.000196,0.201975,-0.209760,-0.000196,0.201975
-0.260635,-0.000197,0.201996,-0.210635,-0.000197,0.201996
-0.261507,-0.000214,0.202020,-0.211507,-0.000214,0.202020
-0.262381,-0.000217,0.202052,-0.212381,-0.000217,0.202052
-0.263249,-0.000221,0.202086,-0.213249,-0.000221,0.202086
-0.264126,-0.000224,0.202127,-0.214126,-0.000224,0.202127
-0.265001,-0.000223,0.202174,-0.215001,-0.000223,0.202174
-0.265859,-0.000225,0.202221,-0.215859,-0.000225,0.202221
-0.266722,-0.000219,0.202273,-0.216722,-0.000219,0.202273
-0.267579,-0.000218,0.202325,-0.217579,-0.000218,0.202325
-0.268431,-0.000212,0.202386,-0.218431,-0.000212,0.202386
-0.269284,-0.000203,0.202451,-0.219284,-0.000203,0.202451
-0.270133,-0.000190,0.202517,-0.220133,-0.000190,0.202517
-0.270989,-0.000182,0.202584,-0.220989,-0.000182,0.202584
-0.271829,-0.000180,0.202650,-0.221829,-0.000180,0.202650
-0.272681,-0.000177,0.202718,-0.222681,-0.000177,0.202718
-0.273534,-0.000172,0.202788,-0.223534,-0.000172,0.202788
-0.274384,-0.000169,0.202861,-0.224384,-0.000169,0.202861
-0.275236,-0.000164,0.202932,-0.225236,-0.000164,0.202932
-0.276079,-0.000162,0.203010,-0.226079,-0.000162,0.203010
-0.276923,-0.000159,0.203088,-0.226923,-0.000159,0.203088
-0.277759,-0.000159,0.203176,-0.227759,-0.000159,0.203176
-0.278594,-0.000163,0.203264,-0.228594,-0.000163,0.203264
-0.279426,-0.000156,0.203347,-0.229426,-0.000156,0.203347
-0.280262,-0.000150,0.203431,-0.230262,-0.000150,0.203431
-0.281098,-0.000137,0.203511,-0.231098,-0.000137,0.203511
-0.281916,-0.000123,0.203582,-0.231916,-0.000123,0.203582
-0.282742,-0.000122,0.203647,-0.232742,-0.000122,0.203647
-0.283565,-0.000129,0.203712,-0.233565,-0.000129,0.203712
-0.284376,-0.000138,0.203768,-0.234376,-0.000138,0.203768
-0.285194,-0.000142,0.203821,-0.235194,-0.000142,0.203821
-0.286016,-0.000149,0.203875,-0.236016,-0.000149,0.203875
-0.286841,-0.000157,0.203926,-0.236841,-0.000157,0.203926
-0.287646,-0.000160,0.203972,-0.237646,-0.000160,0.203972
-0.288455,-0.000160,0.204018,-0.238455,-0.000160,0.204018
-0.289267,-0.000154,0.204066,-0.239267,-0.000154,0.204066
-0.290076,-0.000149,0.204111,-0.240076,-0.000149,0.204111
-0.290886,-0.000152,0.204156,-0.240886,-0.000152,0.204156
-0.291692,-0.000167,0.204194,-0.241692,-0.000167,0.204194
-0.292500,-0.000172,0.204233,-0.242500,-0.000172,0.204233
-0.293302,-0.000177,0.204273,-0.243302,-0.000177,0.204273
-0.294118,-0.000191,0.204303,-0.244118,-0.000191,0.204303
-0.294923,-0.000202,0.204333,-0.244923,-0.000202,0.204333
-0.295731,-0.000215,0.204361,-0.245731,-0.000215,0.204361
-0.296528,-0.000228,0.204384,-0.246528,-0.000228,0.204384
-0.297336,-0.000240,0.204406,-0.247336,-0.000240,0.204406
-0.298139,-0.000248,0.204432,-0.248139,-0.000248,0.204432
-0.298940,-0.000248,0.204455,-0.248940,-0.000248,0.204455
-0.299753,-0.000251,0.204475,-0.249753,-0.000251,0.204475
-0.300567,-0.000251,0.204494,-0.250567,-0.000251,0.204494
-0.301384,-0.000250,0.204513,-0.251384,-0.000250,0.204513
-0.302203,-0.000249,0.204530,-0.252203,-0.000249,0.204530
-0.303016,-0.000251,0.204542,-0.253016,-0.000251,0.204542
-0.303827,-0.000253,0.204549,-0.253827,-0.000253,0.204549
-0.304642,-0.000256,0.204558,-0.254642,-0.000256,0.204558
-0.305461,-0.000262,0.204564,-0.255461,-0.000262,0.204564
-0.306280,-0.000267,0.204568,-0.256280,-0.000267,0.204568
-0.307098,-0.000267,0.204569,-0.257098,-0.000267,0.204569
-0.307921,-0.000271,0.204562,-0.257921,-0.000271,0.204562
-0.308747,-0.000276,0.204554,-0.258747,-0.000276,0.204554
-0.309579,-0.000283,0.204546,-0.259579,-0.000283,0.204546
-0.310416,-0.000289,0.204532,-0.260416,-0.000289,0.204532
-0.311251,-0.000292,0.204519,-0.261251,-0.000292,0.204519
-0.312090,-0.000297,0.204502,-0.262090,-0.000297,0.204502
-0.312926,-0.000304,0.204481,-0.262926,-0.000304,0.204481
-0.313760,-0.000306,0.204454,-0.263760,-0.000306,0.204454
-0.314602,-0.000305,0.204426,-0.264602,-0.000305,0.204426
-0.315444,-0.000306,0.204394,-0.265444,-0.000306,0.204394
-0.316285,-0.000306,0.204361,-0.266285,-0.000306,0.204361
-0.317131,-0.000302,0.204323,-0.267131,-0.000302,0.204323
-0.317981,-0.000293,0.204286,-0.267981,-0.000293,0.204286
-0.318820,-0.000286,0.204249,-0.268820,-0.000286,0.204249
-0.319671,-0.000276,0.204210,-0.269671,-0.000276,0.204210
-0.320531,-0.000265,0.204167,-0.270531,-0.000265,0.204167
-0.321389,-0.000258,0.204124,-0.271389,-0.000258,0.204124
-0.322252,-0.000254,0.204078,-0.272252,-0.000254,0.204078
-0.323121,-0.000246,0.204030,-0.273121,-0.000246,0.204030
-0.323989,-0.000236,0.203982,-0.273989,-0.000236,0.203982
-0.324866,-0.000223,0.203929,-0.274866,-0.000223,0.203929
-0.325747,-0.000221,0.203876,-0.275747,-0.000221,0.203876
-0.326623,-0.000210,0.203829,-0.276623,-0.000210,0.203829
-0.327503,-0.000190,0.203781,-0.277503,-0.000190,0.203781
-0.328385,-0.000170,0.203728,-0.278385,-0.000170,0.203728
-0.329267,-0.000156,0.203670,-0.279267,-0.000156,0.203670
-0.330153,-0.000145,0.203613,-0.280153,-0.000145,0.203613
-0.331041,-0.000129,0.203551,-0.281041,-0.000129,0.203551
-0.331914,-0.000111,0.203482,-0.281914,-0.000111,0.203482
-0.332798,-0.000096,0.203414,-0.282798,-0.000096,0.203414
-0.333686,-0.000074,0.203345,-0.283686,-0.000074,0.203345
-0.334575,-0.000051,0.203272,-0.284575,-0.000051,0.203272
-0.335468,-0.000038,0.203197,-0.285468,-0.000038,0.203197
-0.336359,-0.000025,0.203119,-0.286359,-0.000025,0.203119
-0.337253,-0.000011,0.203043,-0.287253,-0.000011,0.203043
-0.338142,0.000007,0.202965,-0.288142,0.000007,0.202965
-0.339030,0.000027,0.202883,-0.289030,0.000027,0.202883
-0.339925,0.000041,0.202799,-0.289925,0.000041,0.202799
-0.340825,0.000057,0.202713,-0.290825,0.000057,0.202713
-0.341725,0.000082,0.202628,-0.291725,0.000082,0.202628
-0.342616,0.000104,0.202547,-0.292616,0.000104,0.202547
-0.343500,0.000124,0.202462,-0.293500,0.000124,0.202462
-0.344384,0.000134,0.202374,-0.294384,0.000134,0.202374
-0.345272,0.000147,0.202284,-0.295272,0.000147,0.202284
-0.346154,0.000151,0.202196,-0.296154,0.000151,0.202196
-0.347044,0.000154,0.202105,-0.297044,0.000154,0.202105
-0.347932,0.000167,0.202012,-0.297932,0.000167,0.202012
-0.348820,0.000172,0.201930,-0.298820,0.000172,0.201930
-0.349699,0.000172,0.201850,-0.299699,0.000172,0.201850
-0.350584,0.000189,0.201776,-0.300584,0.000189,0.201776
-0.351468,0.000200,0.201710,-0.301468,0.000200,0.201710
-0.352339,0.000210,0.201655,-0.302339,0.000210,0.201655
-0.353215,0.000207,0.201610,-0.303215,0.000207,0.201610
-0.354095,0.000205,0.201573,-0.304095,0.000205,0.201573
-0.354973,0.000204,0.201545,-0.304973,0.000204,0.201545
-0.355852,0.000204,0.201524,-0.305852,0.000204,0.201524
-0.356721,0.000196,0.201510,-0.306721,0.000196,0.201510
-0.357586,0.000191,0.201503,-0.307586,0.000191,0.201503
-0.358443,0.000187,0.201499,-0.308443,0.000187,0.201499
-0.359301,0.000182,0.201497,-0.309301,0.000182,0.201497
-0.360160,0.000176,0.201499,-0.310160,0.000176,0.201499
-0.361014,0.000169,0.201508,-0.311014,0.000169,0.201508
-0.361867,0.000178,0.201523,-0.311867,0.000178,0.201523
-0.362717,0.000182,0.201549,-0.312717,0.000182,0.201549
-0.363563,0.000176,0.201573,-0.313563,0.000176,0.201573
-0.364403,0.000154,0.201608,-0.314403,0.000154,0.201608
-0.365241,0.000145,0.201643,-0.315241,0.000145,0.201643
-0.366089,0.000143,0.201683,-0.316089,0.000143,0.201683
-0.366920,0.000139,0.201732,-0.316920,0.000139,0.201732
-0.367746,0.000138,0.201783,-0.317746,0.000138,0.201783
-0.368574,0.000149,0.201847,-0.318574,0.000149,0.201847
-0.369411,0.000133,0.201910,-0.319411,0.000133,0.201910
-0.370232,0.000128,0.201979,-0.320232,0.000128,0.201979
-0.371048,0.000107,0.202048,-0.321048,0.000107,0.202048
-0.371862,0.000091,0.202108,-0.321862,0.000091,0.202108
-0.372674,0.000092,0.202158,-0.322674,0.000092,0.202158
-0.373489,0.000090,0.202202,-0.323489,0.000090,0.202202
-0.374290,0.000097,0.202243,-0.324290,0.000097,0.202243
-0.375101,0.000099,0.202283,-0.325101,0.000099,0.202283
-0.375908,0.000100,0.202316,-0.325908,0.000100,0.202316
-0.376714,0.000101,0.202349,-0.326714,0.000101,0.202349
-0.377522,0.000110,0.202381,-0.327522,0.000110,0.202381
-0.378330,0.000104,0.202405,-0.328330,0.000104,0.202405
-0.379145,0.000104,0.202432,-0.329145,0.000104,0.202432
-0.379953,0.000108,0.202456,-0.329953,0.000108,0.202456
-0.380764,0.000104,0.202476,-0.330764,0.000104,0.202476
-0.381565,0.000110,0.202491,-0.331565,0.000110,0.202491
-0.382369,0.000115,0.202500,-0.332369,0.000115,0.202500
-0.383173,0.000115,0.202507,-0.333173,0.000115,0.202507
-0.383982,0.000110,0.202514,-0.333982,0.000110,0.202514
-0.384791,0.000113,0.202523,-0.334791,0.000113,0.202523
-0.385599,0.000116,0.202532,-0.335599,0.000116,0.202532
-0.386396,0.000127,0.202551,-0.336396,0.000127,0.202551
-0.387197,0.000130,0.202568,-0.337197,0.000130,0.202568
-0.388008,0.000130,0.202585,-0.338008,0.000130,0.202585
-0.388810,0.000135,0.202601,-0.338810,0.000135,0.202601
-0.389623,0.000135,0.202620,-0.339623,0.000135,0.202620
-0.390427,0.000148,0.202638,-0.340427,0.000148,0.202638
-0.391240,0.000156,0.202654,-0.341240,0.000156,0.202654
-0.392052,0.000162,0.202670,-0.342052,0.000162,0.202670
-0.392869,0.000167,0.202687,-0.342869,0.000167,0.202687
-0.393699,0.000173,0.202705,-0.343699,0.000173,0.202705
-0.394531,0.000179,0.202725,-0.344531,0.000179,0.202725
-0.395355,0.000184,0.202743,-0.345355,0.000184,0.202743
-0.396190,0.000193,0.202757,-0.346190,0.000193,0.202757
-0.397027,0.000203,0.202775,-0.347027,0.000203,0.202775
-0.397864,0.000211,0.202792,-0.347864,0.000211,0.202792
-0.398697,0.000220,0.202806,-0.348697,0.000220,0.202806
-0.399535,0.000224,0.202822,-0.349535,0.000224,0.202822
-0.400384,0.000220,0.202835,-0.350384,0.000220,0.202835
-0.401232,0.000215,0.202853,-0.351232,0.000215,0.202853
-0.402080,0.000213,0.202873,-0.352080,0.000213,0.202873
-0.402921,0.000211,0.202890,-0.352921,0.000211,0.202890
-0.403767,0.000202,0.202904,-0.353767,0.000202,0.202904
-0.404616,0.000197,0.202916,-0.354616,0.000197,0.202916
-0.405470,0.000192,0.202923,-0.355470,0.000192,0.202923
-0.406321,0.000190,0.202931,-0.356321,0.000190,0.202931
-0.407180,0.000185,0.202936,-0.357180,0.000185,0.202936
-0.408036,0.000167,0.202943,-0.358036,0.000167,0.202943
-0.408896,0.000150,0.202948,-0.358896,0.000150,0.202948
-0.409755,0.000141,0.202951,-0.359755,0.000141,0.202951
-0.410620,0.000124,0.202952,-0.360620,0.000124,0.202952
-0.411477,0.000109,0.202961,-0.361477,0.000109,0.202961
-0.412337,0.000095,0.202966,-0.362337,0.000095,0.202966
-0.413204,0.000086,0.202978,-0.363204,0.000086,0.202978
-0.414072,0.000079,0.202984,-0.364072,0.000079,0.202984
-0.414934,0.000073,0.202990,-0.364934,0.000073,0.202990
-0.415795,0.000063,0.202991,-0.365795,0.000063,0.202991
-0.416658,0.000053,0.202995,-0.366658,0.000053,0.202995
-0.417523,0.000044,0.202999,-0.367523,0.000044,0.202999
-0.418390,0.000030,0.203003,-0.368390,0.000030,0.203003
-0.419252,0.000019,0.203005,-0.369252,0.000019,0.203005
-0.420124,0.000012,0.203007,-0.370124,0.000012,0.203007
-0.420997,-0.000002,0.203009,-0.370997,-0.000002,0.203009
-0.421858,-0.000016,0.203005,-0.371858,-0.000016,0.203005
-0.422726,-0.000029,0.202999,-0.372726,-0.000029,0.202999
-0.423603,-0.000042,0.202991,-0.373603,-0.000042,0.202991
-0.424474,-0.000055,0.202977,-0.374474,-0.000055,0.202977
-0.425349,-0.000069,0.202957,-0.375349,-0.000069,0.202957
-0.426236,-0.000077,0.202932,-0.376236,-0.000077,0.202932
-0.427107,-0.000084,0.202900,-0.377107,-0.000084,0.202900
-0.427979,-0.000084,0.202869,-0.377979,-0.000084,0.202869
-0.428851,-0.000087,0.202843,-0.378851,-0.000087,0.202843
-0.429725,-0.000093,0.202817,-0.379725,-0.000093,0.202817
-0.430602,-0.000099,0.202796,-0.380602,-0.000099,0.202796
-0.431485,-0.000104,0.202775,-0.381485,-0.000104,0.202775
-0.432360,-0.000104,0.202752,-0.382360,-0.000104,0.202752
-0.433233,-0.000107,0.202733,-0.383233,-0.000107,0.202733
-0.434110,-0.000106,0.202715,-0.384110,-0.000106,0.202715
-0.434980,-0.000106,0.202697,-0.384980,-0.000106,0.202697
-0.435846,-0.000104,0.202680,-0.385846,-0.000104,0.202680
-0.436706,-0.000099,0.202666,-0.386706,-0.000099,0.202666
-0.437571,-0.000094,0.202650,-0.387571,-0.000094,0.202650
-0.438436,-0.000084,0.202629,-0.388436,-0.000084,0.202629
-0.439305,-0.000076,0.202605,-0.389305,-0.000076,0.202605
-0.440166,-0.000076,0.202587,-0.390166,-0.000076,0.202587
-0.441028,-0.000075,0.202572,-0.391028,-0.000075,0.202572
-0.441886,-0.000072,0.202553,-0.391886,-0.000072,0.202553
-0.442748,-0.000081,0.202545,-0.392748,-0.000081,0.202545
-0.443606,-0.000087,0.202542,-0.393606,-0.000087,0.202542
-0.444458,-0.000078,0.202541,-0.394458,-0.000078,0.202541
-0.445310,-0.000080,0.202547,-0.395310,-0.000080,0.202547
-0.446158,-0.000080,0.202557,-0.396158,-0.000080,0.202557
-0.446997,-0.000072,0.202566,-0.396997,-0.000072,0.202566
-0.447837,-0.000058,0.202585,-0.397837,-0.000058,0.202585
-0.448687,-0.000051,0.202610,-0.398687,-0.000051,0.202610
-0.449536,-0.000051,0.202634,-0.399536,-0.000051,0.202634
-0.450362,-0.000055,0.202653,-0.400362,-0.000055,0.202653
-0.451189,-0.000055,0.202687,-0.401189,-0.000055,0.202687
-0.452018,-0.000057,0.202733,-0.402018,-0.000057,0.202733
-0.452845,-0.000053,0.202783,-0.402845,-0.000053,0.202783
-0.453661,-0.000051,0.202840,-0.403661,-0.000051,0.202840
-0.454479,-0.000051,0.202903,-0.404479,-0.000051,0.202903
-0.455294,-0.000052,0.202970,-0.405294,-0.000052,0.202970
-0.456103,-0.000044,0.203039,-0.406103,-0.000044,0.203039
-0.456916,-0.000035,0.203111,-0.406916,-0.000035,0.203111
-0.457727,-0.000032,0.203180,-0.407727,-0.000032,0.203180
-0.458532,-0.000020,0.203249,-0.408532,-0.000020,0.203249
-0.459343,-0.000022,0.203325,-0.409343,-0.000022,0.203325
-0.460141,-0.000008,0.203407,-0.410141,-0.000008,0.203407
-0.460942,-0.000003,0.203486,-0.410942,-0.000003,0.203486
-0.461741,-0.000005,0.203564,-0.411741,-0.000005,0.203564
-0.462542,-0.000010,0.203638,-0.412542,-0.000010,0.203638
-0.463344,-0.000014,0.203712,-0.413344,-0.000014,0.203712
-0.464140,-0.000013,0.203788,-0.414140,-0.000013,0.203788
-0.464923,-0.000008,0.203862,-0.414923,-0.000008,0.203862
-0.465720,0.000010,0.203940,-0.415720,0.000010,0.203940
-0.466514,0.000027,0.204022,-0.416514,0.000027,0.204022
-0.467308,0.000025,0.204102,-0.417308,0.000025,0.204102
-0.468098,0.000037,0.204188,-0.418098,0.000037,0.204188
-0.468890,0.000041,0.204276,-0.418890,0.000041,0.204276
-0.469687,0.000042,0.204357,-0.419687,0.000042,0.204357
-0.470468,0.000053,0.204440,-0.420468,0.000053,0.204440
-0.471250,0.000059,0.204518,-0.421250,0.000059,0.204518
-0.472036,0.000059,0.204602,-0.422036,0.000059,0.204602
-0.472818,0.000068,0.204687,-0.422818,0.000068,0.204687
-0.473608,0.000073,0.204775,-0.423608,0.000073,0.204775
-0.474393,0.000071,0.204864,-0.424393,0.000071,0.204864
-0.475176,0.000079,0.204954,-0.425176,0.000079,0.204954
-0.475961,0.000078,0.205039,-0.425961,0.000078,0.205039
-0.476748,0.000098,0.205117,-0.426748,0.000098,0.205117
-0.477541,0.000110,0.205204,-0.427541,0.000110,0.205204
-0.478329,0.000101,0.205300,-0.428329,0.000101,0.205300
-0.479131,0.000090,0.205393,-0.429131,0.000090,0.205393
-0.479920,0.000089,0.205490,-0.429920,0.000089,0.205490
-0.480726,0.000093,0.205577,-0.430726,0.000093,0.205577
-0.481527,0.000096,0.205667,-0.431527,0.000096,0.205667
-0.482326,0.000096,0.205764,-0.432326,0.000096,0.205764
-0.483126,0.000096,0.205858,-0.433126,0.000096,0.205858
-0.483933,0.000092,0.205947,-0.433933,0.000092,0.205947
-0.484739,0.000093,0.206033,-0.434739,0.000093,0.206033
-0.485556,0.000099,0.206118,-0.435556,0.000099,0.206118
-0.486371,0.000097,0.206199,-0.436371,0.000097,0.206199
-0.487189,0.000095,0.206276,-0.437189,0.000095,0.206276
-0.488005,0.000095,0.206351,-0.438005,0.000095,0.206351
-0.488830,0.000093,0.206423,-0.438830,0.000093,0.206423
-0.489653,0.000086,0.206490,-0.439653,0.000086,0.206490
-0.490475,0.000080,0.206556,-0.440475,0.000080,0.206556
-0.491298,0.000070,0.206621,-0.441298,0.000070,0.206621
-0.492129,0.000058,0.206683,-0.442129,0.000058,0.206683
-0.492964,0.000050,0.206742,-0.442964,0.000050,0.206742
-0.493799,0.000042,0.206797,-0.443799,0.000042,0.206797
-0.494639,0.000033,0.206846,-0.444639,0.000033,0.206846
-0.495477,0.000026,0.206894,-0.445477,0.000026,0.206894
-0.496322,0.000019,0.206936,-0.446322,0.000019,0.206936
-0.497172,0.000011,0.206973,-0.447172,0.000011,0.206973
-0.498024,0.000004,0.207008,-0.448024,0.000004,0.207008
-0.498871,-0.000004,0.207037,-0.448871,-0.000004,0.207037
-0.499733,-0.000010,0.207064,-0.449733,-0.000010,0.207064
-0.500595,-0.000015,0.207085,-0.450595,-0.000015,0.207085
-0.501459,-0.000023,0.207100,-0.451459,-0.000023,0.207100
-0.502331,-0.000031,0.207109,-0.452331,-0.000031,0.207109
-0.503201,-0.000041,0.207109,-0.453201,-0.000041,0.207109
-0.504075,-0.000052,0.207104,-0.454075,-0.000052,0.207104
-0.504948,-0.000065,0.207093,-0.454948,-0.000065,0.207093
-0.505824,-0.000075,0.207078,-0.455824,-0.000075,0.207078
-0.506698,-0.000085,0.207058,-0.456698,-0.000085,0.207058
-0.507579,-0.000095,0.207033,-0.457579,-0.000095,0.207033
-0.508453,-0.000101,0.207004,-0.458453,-0.000101,0.207004
-0.509335,-0.000105,0.206975,-0.459335,-0.000105,0.206975
-0.510227,-0.000106,0.206942,-0.460227,-0.000106,0.206942
-0.511115,-0.000107,0.206901,-0.461115,-0.000107,0.206901
-0.511996,-0.000105,0.206855,-0.461996,-0.000105,0.206855
-0.512882,-0.000102,0.206805,-0.462882,-0.000102,0.206805
-0.513763,-0.000103,0.206749,-0.463763,-0.000103,0.206749
-0.514656,-0.000104,0.206688,-0.464656,-0.000104,0.206688
-0.515551,-0.000107,0.206621,-0.465551,-0.000107,0.206621
-0.516446,-0.000110,0.206549,-0.466446,-0.000110,0.206549
-0.517337,-0.000113,0.206476,-0.467337,-0.000113,0.206476
-0.518232,-0.000120,0.206399,-0.468232,-0.000120,0.206399
-0.519129,-0.000120,0.206318,-0.469129,-0.000120,0.206318
-0.520030,-0.000120,0.206234,-0.470030,-0.000120,0.206234
-0.520919,-0.000125,0.206146,-0.470919,-0.000125,0.206146
-0.521810,-0.000123,0.206054,-0.471810,-0.000123,0.206054
-0.522711,-0.000120,0.205960,-0.472711,-0.000120,0.205960
-0.523613,-0.000117,0.205862,-0.473613,-0.000117,0.205862
-0.524513,-0.000117,0.205758,-0.474513,-0.000117,0.205758
-0.525409,-0.000119,0.205650,-0.475409,-0.000119,0.205650
-0.526304,-0.000115,0.205536,-0.476304,-0.000115,0.205536
-0.527200,-0.000115,0.205420,-0.477200,-0.000115,0.205420
-0.528096,-0.000111,0.205297,-0.478096,-0.000111,0.205297
-0.528992,-0.000107,0.205168,-0.478992,-0.000107,0.205168
-0.529895,-0.000105,0.205040,-0.479895,-0.000105,0.205040
-0.530790,-0.000109,0.204905,-0.480790,-0.000109,0.204905
-0.531686,-0.000105,0.204765,-0.481686,-0.000105,0.204765
-0.532582,-0.000102,0.204621,-0.482582,-0.000102,0.204621
-0.533476,-0.000098,0.204471,-0.483476,-0.000098,0.204471
-0.534375,-0.000095,0.204318,-0.484375,-0.000095,0.204318
-0.535272,-0.000096,0.204164,-0.485272,-0.000096,0.204164
-0.536173,-0.000096,0.204011,-0.486173,-0.000096,0.204011
-0.537076,-0.000094,0.203855,-0.487076,-0.000094,0.203855
-0.537980,-0.000093,0.203699,-0.487980,-0.000093,0.203699
-0.538883,-0.000088,0.203545,-0.488883,-0.000088,0.203545
-0.539783,-0.000085,0.203391,-0.489783,-0.000085,0.203391
-0.540683,-0.000082,0.203239,-0.490683,-0.000082,0.203239
-0.541584,-0.000077,0.203094,-0.491584,-0.000077,0.203094
-0.542481,-0.000071,0.202948,-0.492481,-0.000071,0.202948
-0.543380,-0.000071,0.202807,-0.493380,-0.000071,0.202807
-0.544276,-0.000066,0.202669,-0.494276,-0.000066,0.202669
-0.545170,-0.000064,0.202539,-0.495170,-0.000064,0.202539
-0.546060,-0.000065,0.202413,-0.496060,-0.000065,0.202413
-0.546947,-0.000065,0.202295,-0.496947,-0.000065,0.202295
-0.547837,-0.000065,0.202180,-0.497837,-0.000065,0.202180
-0.548724,-0.000058,0.202069,-0.498724,-0.000058,0.202069
-0.549611,-0.000070,0.201969,-0.499611,-0.000070,0.201969
-0.550488,-0.000070,0.201866,-0.500488,-0.000070,0.201866
-0.551364,-0.000071,0.201772,-0.501364,-0.000071,0.201772
-0.552237,-0.000058,0.201690,-0.502237,-0.000058,0.201690
-0.553110,-0.000039,0.201631,-0.503110,-0.000039,0.201631
-0.553982,-0.000030,0.201591,-0.503982,-0.000030,0.201591
-0.554839,-0.000024,0.201566,-0.504839,-0.000024,0.201566
-0.555705,-0.000013,0.201551,-0.505705,-0.000013,0.201551
-0.556565,-0.000008,0.201539,-0.506565,-0.000008,0.201539
-0.557418,-0.000010,0.201547,-0.507418,-0.000010,0.201547
-0.558265,0.000004,0.201569,-0.508265,0.000004,0.201569
-0.559119,0.000017,0.201597,-0.509119,0.000017,0.201597
-0.559956,0.000039,0.201636,-0.509956,0.000039,0.201636
-0.560791,0.000044,0.201679,-0.510791,0.000044,0.201679
-0.561627,0.000054,0.201735,-0.511627,0.000054,0.201735
-0.562449,0.000071,0.201789,-0.512449,0.000071,0.201789
-0.563277,0.000091,0.201845,-0.513277,0.000091,0.201845
-0.564099,0.000102,0.201900,-0.514099,0.000102,0.201900
-0.564915,0.000115,0.201961,-0.514915,0.000115,0.201961
-0.565735,0.000122,0.202027,-0.515735,0.000122,0.202027
-0.566553,0.000127,0.202099,-0.516553,0.000127,0.202099
-0.567369,0.000125,0.202178,-0.517369,0.000125,0.202178
-0.568182,0.000136,0.202259,-0.518182,0.000136,0.202259
-0.568986,0.000135,0.202338,-0.518986,0.000135,0.202338
-0.569798,0.000135,0.202425,-0.519798,0.000135,0.202425
-0.570605,0.000134,0.202513,-0.520605,0.000134,0.202513
-0.571417,0.000138,0.202601,-0.521417,0.000138,0.202601
-0.572221,0.000141,0.202687,-0.522221,0.000141,0.202687
-0.573025,0.000136,0.202772,-0.523025,0.000136,0.202772
-0.573830,0.000133,0.202858,-0.523830,0.000133,0.202858
-0.574641,0.000130,0.202939,-0.524641,0.000130,0.202939
-0.575452,0.000124,0.203015,-0.525452,0.000124,0.203015
-0.576271,0.000124,0.203087,-0.526271,0.000124,0.203087
-0.577077,0.000124,0.203150,-0.527077,0.000124,0.203150
-0.577890,0.000128,0.203209,-0.527890,0.000128,0.203209
-0.578703,0.000129,0.203266,-0.528703,0.000129,0.203266
-0.579521,0.000125,0.203317,-0.529521,0.000125,0.203317
-0.580340,0.000120,0.203365,-0.530340,0.000120,0.203365
-0.581163,0.000115,0.203411,-0.531163,0.000115,0.203411
-0.581990,0.000111,0.203452,-0.531990,0.000111,0.203452
-0.582828,0.000108,0.203489,-0.532828,0.000108,0.203489
-0.583667,0.000107,0.203524,-0.533667,0.000107,0.203524
-0.584509,0.000109,0.203555,-0.534509,0.000109,0.203555
-0.585355,0.000109,0.203581,-0.535355,0.000109,0.203581
-0.586209,0.000110,0.203608,-0.536209,0.000110,0.203608
-0.587066,0.000109,0.203632,-0.537066,0.000109,0.203632
-0.587919,0.000107,0.203652,-0.537919,0.000107,0.203652
-0.588774,0.000106,0.203668,-0.538774,0.000106,0.203668
-0.589634,0.000105,0.203677,-0.539634,0.000105,0.203677
-0.590496,0.000103,0.203684,-0.540496,0.000103,0.203684
-0.591352,0.000100,0.203687,-0.541352,0.000100,0.203687
-0.592209,0.000099,0.203684,-0.542209,0.000099,0.203684
-0.593066,0.000099,0.203674,-0.543066,0.000099,0.203674
-0.593928,0.000098,0.203659,-0.543928,0.000098,0.203659
-0.594788,0.000098,0.203639,-0.544788,0.000098,0.203639
-0.595653,0.000097,0.203615,-0.545653,0.000097,0.203615
-0.596520,0.000096,0.203584,-0.546520,0.000096,0.203584
-0.597390,0.000097,0.203548,-0.547390,0.000097,0.203548
-0.598259,0.000097,0.203509,-0.548259,0.000097,0.203509
-0.599135,0.000097,0.203463,-0.549135,0.000097,0.203463
-0.600005,0.000100,0.203411,-0.550005,0.000100,0.203411
-0.600876,0.000107,0.203353,-0.550876,0.000107,0.203353
-0.601755,0.000109,0.203289,-0.551755,0.000109,0.203289
-0.602626,0.000115,0.203220,-0.552626,0.000115,0.203220
-0.603506,0.000121,0.203146,-0.553506,0.000121,0.203146
-0.604376,0.000127,0.203069,-0.554376,0.000127,0.203069
-0.605254,0.000133,0.202992,-0.555254,0.000133,0.202992
-0.606127,0.000138,0.202912,-0.556127,0.000138,0.202912
-0.607011,0.000141,0.202823,-0.557011,0.000141,0.202823
-0.607887,0.000142,0.202732,-0.557887,0.000142,0.202732
-0.608765,0.000144,0.202639,-0.558765,0.000144,0.202639
-0.609641,0.000149,0.202543,-0.559641,0.000149,0.202543
-0.610516,0.000154,0.202445,-0.560516,0.000154,0.202445
-0.611390,0.000154,0.202346,-0.561390,0.000154,0.202346
-0.612269,0.000151,0.202247,-0.562269,0.000151,0.202247
-0.613146,0.000156,0.202144,-0.563146,0.000156,0.202144
-0.614020,0.000158,0.202036,-0.564020,0.000158,0.202036
-0.614893,0.000163,0.201931,-0.564893,0.000163,0.201931
-0.615764,0.000171,0.201829,-0.565764,0.000171,0.201829
-0.616645,0.000170,0.201730,-0.566645,0.000170,0.201730
-0.617517,0.000176,0.201636,-0.567517,0.000176,0.201636
-0.618390,0.000187,0.201551,-0.568390,0.000187,0.201551
-0.619268,0.000196,0.201479,-0.569268,0.000196,0.201479
-0.620147,0.000209,0.201415,-0.570147,0.000209,0.201415
-0.621025,0.000214,0.201358,-0.571025,0.000214,0.201358
-0.621900,0.000220,0.201309,-0.571900,0.000220,0.201309
-0.622782,0.000225,0.201263,-0.572782,0.000225,0.201263
-0.623657,0.000224,0.201229,-0.573657,0.000224,0.201229
-0.624540,0.000226,0.201205,-0.574540,0.000226,0.201205
-0.625421,0.000213,0.201183,-0.575421,0.000213,0.201183
-0.626302,0.000206,0.201174,-0.576302,0.000206,0.201174
-0.627185,0.000205,0.201175,-0.577185,0.000205,0.201175
-0.628064,0.000192,0.201189,-0.578064,0.000192,0.201189
-0.628952,0.000184,0.201220,-0.578952,0.000184,0.201220
-0.629836,0.000183,0.201254,-0.579836,0.000183,0.201254
-0.630727,0.000184,0.201290,-0.580727,0.000184,0.201290
-0.631614,0.000180,0.201324,-0.581614,0.000180,0.201324
-0.632490,0.000180,0.201354,-0.582490,0.000180,0.201354
-0.633366,0.000182,0.201386,-0.583366,0.000182,0.201386
-0.634240,0.000181,0.201419,-0.584240,0.000181,0.201419
-0.635108,0.000180,0.201458,-0.585108,0.000180,0.201458
-0.635976,0.000185,0.201497,-0.585976,0.000185,0.201497
-0.636841,0.000196,0.201535,-0.586841,0.000196,0.201535
-0.637703,0.000195,0.201588,-0.587703,0.000195,0.201588
-0.638558,0.000196,0.201642,-0.588558,0.000196,0.201642
-0.639421,0.000201,0.201708,-0.589421,0.000201,0.201708
-0.640282,0.000201,0.201779,-0.590282,0.000201,0.201779
-0.641135,0.000200,0.201853,-0.591135,0.000200,0.201853
-0.641975,0.000204,0.201927,-0.591975,0.000204,0.201927
-0.642812,0.000204,0.202000,-0.592812,0.000204,0.202000
-0.643650,0.000204,0.202073,-0.593650,0.000204,0.202073
-0.644485,0.000205,0.202148,-0.594485,0.000205,0.202148
-0.645317,0.000206,0.202222,-0.595317,0.000206,0.202222
-0.646140,0.000206,0.202293,-0.596140,0.000206,0.202293
-0.646968,0.000203,0.202364,-0.596968,0.000203,0.202364
-0.647793,0.000204,0.202437,-0.597793,0.000204,0.202437
-0.648617,0.000207,0.202507,-0.598617,0.000207,0.202507
-0.649440,0.000205,0.202577,-0.599440,0.000205,0.202577
-0.650265,0.000206,0.202649,-0.600265,0.000206,0.202649
-0.651077,0.000205,0.202721,-0.601077,0.000205,0.202721
-0.651889,0.000210,0.202795,-0.601889,0.000210,0.202795
-0.652700,0.000215,0.202869,-0.602700,0.000215,0.202869
-0.653510,0.000216,0.202949,-0.603510,0.000216,0.202949
-0.654324,0.000220,0.203027,-0.604324,0.000220,0.203027
-0.655135,0.000222,0.203104,-0.605135,0.000222,0.203104
-0.655946,0.000227,0.203176,-0.605946,0.000227,0.203176
-0.656760,0.000229,0.203242,-0.606760,0.000229,0.203242
-0.657571,0.000235,0.203301,-0.607571,0.000235,0.203301
-0.658377,0.000235,0.203355,-0.608377,0.000235,0.203355
-0.659181,0.000235,0.203406,-0.609181,0.000235,0.203406
-0.659988,0.000237,0.203450,-0.609988,0.000237,0.203450
-0.660797,0.000241,0.203491,-0.610797,0.000241,0.203491
-0.661607,0.000252,0.203524,-0.611607,0.000252,0.203524
-0.662425,0.000261,0.203553,-0.612425,0.000261,0.203553
-0.663236,0.000270,0.203580,-0.613236,0.000270,0.203580
-0.664047,0.000282,0.203600,-0.614047,0.000282,0.203600
-0.664862,0.000294,0.203618,-0.614862,0.000294,0.203618
-0.665670,0.000303,0.203637,-0.615670,0.000303,0.203637
-0.666484,0.000309,0.203652,-0.616484,0.000309,0.203652
-0.667296,0.000314,0.203663,-0.617296,0.000314,0.203663
-0.668119,0.000323,0.203674,-0.618119,0.000323,0.203674
-0.668932,0.000329,0.203685,-0.618932,0.000329,0.203685
-0.669753,0.000336,0.203694,-0.619753,0.000336,0.203694
-0.670580,0.000344,0.203701,-0.620580,0.000344,0.203701
-0.671408,0.000349,0.203707,-0.621408,0.000349,0.203707
-0.672233,0.000355,0.203708,-0.622233,0.000355,0.203708
-0.673062,0.000360,0.203707,-0.623062,0.000360,0.203707
-0.673896,0.000366,0.203708,-0.623896,0.000366,0.203708
-0.674729,0.000373,0.203706,-0.624729,0.000373,0.203706
-0.675563,0.000376,0.203703,-0.625563,0.000376,0.203703
-0.676400,0.000381,0.203700,-0.626400,0.000381,0.203700
-0.677239,0.000386,0.203695,-0.627239,0.000386,0.203695
-0.678086,0.000391,0.203690,-0.628086,0.000391,0.203690
-0.678924,0.000396,0.203682,-0.628924,0.000396,0.203682
-0.679761,0.000401,0.203672,-0.629761,0.000401,0.203672
-0.680612,0.000406,0.203660,-0.630612,0.000406,0.203660
-0.681463,0.000408,0.203644,-0.631463,0.000408,0.203644
-0.682316,0.000410,0.203624,-0.632316,0.000410,0.203624
-0.683163,0.000409,0.203599,-0.633163,0.000409,0.203599
-0.684012,0.000408,0.203569,-0.634012,0.000408,0.203569
-0.684860,0.000409,0.203535,-0.634860,0.000409,0.203535
-0.685714,0.000410,0.203497,-0.635714,0.000410,0.203497
-0.686570,0.000411,0.203455,-0.636570,0.000411,0.203455
-0.687427,0.000414,0.203411,-0.637427,0.000414,0.203411
-0.688286,0.000416,0.203359,-0.638286,0.000416,0.203359
-0.689146,0.000421,0.203302,-0.639146,0.000421,0.203302
-0.690003,0.000424,0.203242,-0.640003,0.000424,0.203242
-0.690865,0.000426,0.203180,-0.640865,0.000426,0.203180
-0.691731,0.000426,0.203115,-0.641731,0.000426,0.203115
-0.692593,0.000427,0.203043,-0.642593,0.000427,0.203043
-0.693457,0.000422,0.202970,-0.643457,0.000422,0.202970
-0.694328,0.000423,0.202892,-0.644328,0.000423,0.202892
-0.695201,0.000423,0.202811,-0.645201,0.000423,0.202811
-0.696069,0.000424,0.202724,-0.646069,0.000424,0.202724
-0.696939,0.000427,0.202634,-0.646939,0.000427,0.202634
-0.697803,0.000429,0.202547,-0.647803,0.000429,0.202547
-0.698674,0.000430,0.202454,-0.648674,0.000430,0.202454
-0.699544,0.000427,0.202361,-0.649544,0.000427,0.202361
-0.700415,0.000429,0.202267,-0.650415,0.000429,0.202267
-0.701283,0.000431,0.202176,-0.651283,0.000431,0.202176
-0.702163,0.000438,0.202080,-0.652163,0.000438,0.202080
-0.703042,0.000436,0.201984,-0.653042,0.000436,0.201984
-0.703921,0.000444,0.201900,-0.653921,0.000444,0.201900
-0.704807,0.000451,0.201825,-0.654807,0.000451,0.201825
-0.705688,0.000453,0.201764,-0.655688,0.000453,0.201764
-0.706582,0.000447,0.201713,-0.656582,0.000447,0.201713
-0.707474,0.000442,0.201667,-0.657474,0.000442,0.201667
-0.708371,0.000441,0.201633,-0.658371,0.000441,0.201633
-0.709275,0.000450,0.201604,-0.659275,0.000450,0.201604
-0.710175,0.000455,0.201596,-0.660175,0.000455,0.201596
-0.711075,0.000452,0.201599,-0.661075,0.000452,0.201599
-0.711982,0.000452,0.201608,-0.661982,0.000452,0.201608
-0.712885,0.000449,0.201618,-0.662885,0.000449,0.201618
-0.713789,0.000425,0.201638,-0.663789,0.000425,0.201638
-0.714698,0.000435,0.201667,-0.664698,0.000435,0.201667
-0.715598,0.000439,0.201698,-0.665598,0.000439,0.201698
-0.716499,0.000435,0.201724,-0.666499,0.000435,0.201724
-0.717383,0.000430,0.201750,-0.667383,0.000430,0.201750
-0.718277,0.000439,0.201784,-0.668277,0.000439,0.201784
-0.719165,0.000450,0.201823,-0.669165,0.000450,0.201823
-0.720048,0.000450,0.201863,-0.670048,0.000450,0.201863
-0.720922,0.000448,0.201913,-0.670922,0.000448,0.201913
-0.721796,0.000458,0.201979,-0.671796,0.000458,0.201979
-0.722663,0.000465,0.202049,-0.672663,0.000465,0.202049
-0.723526,0.000485,0.202126,-0.673526,0.000485,0.202126
-0.724389,0.000473,0.202215,-0.674389,0.000473,0.202215
-0.725239,0.000490,0.202312,-0.675239,0.000490,0.202312
-0.726081,0.000508,0.202428,-0.676081,0.000508,0.202428
-0.726928,0.000528,0.202538,-0.676928,0.000528,0.202538
-0.727764,0.000539,0.202661,-0.677764,0.000539,0.202661
-0.728595,0.000541,0.202790,-0.678595,0.000541,0.202790
-0.729423,0.000533,0.202933,-0.679423,0.000533,0.202933
-0.730248,0.000531,0.203079,-0.680248,0.000531,0.203079
-0.731073,0.000537,0.203219,-0.681073,0.000537,0.203219
-0.731901,0.000532,0.203351,-0.681901,0.000532,0.203351
-0.732720,0.000533,0.203491,-0.682720,0.000533,0.203491
-0.733546,0.000528,0.203630,-0.683546,0.000528,0.203630
-0.734368,0.000534,0.203773,-0.684368,0.000534,0.203773
-0.735188,0.000537,0.203917,-0.685188,0.000537,0.203917
-0.736009,0.000538,0.204061,-0.686009,0.000538,0.204061
-0.736827,0.000540,0.204208,-0.686827,0.000540,0.204208
-0.737645,0.000545,0.204356,-0.687645,0.000545,0.204356
-0.738462,0.000544,0.204494,-0.688462,0.000544,0.204494
-0.739275,0.000543,0.204630,-0.689275,0.000543,0.204630
-0.740089,0.000539,0.204768,-0.690089,0.000539,0.204768
-0.740903,0.000533,0.204900,-0.690903,0.000533,0.204900
-0.741712,0.000533,0.205031,-0.691712,0.000533,0.205031
-0.742529,0.000538,0.205160,-0.692529,0.000538,0.205160
-0.743343,0.000539,0.205288,-0.693343,0.000539,0.205288
-0.744148,0.000530,0.205414,-0.694148,0.000530,0.205414
-0.744955,0.000529,0.205538,-0.694955,0.000529,0.205538
-0.745766,0.000527,0.205662,-0.695766,0.000527,0.205662
-0.746580,0.000523,0.205780,-0.696580,0.000523,0.205780
-0.747392,0.000520,0.205898,-0.697392,0.000520,0.205898
-0.748211,0.000514,0.206008,-0.698211,0.000514,0.206008
-0.749028,0.000506,0.206115,-0.699028,0.000506,0.206115
-0.749853,0.000504,0.206217,-0.699853,0.000504,0.206217
-0.750679,0.000504,0.206316,-0.700679,0.000504,0.206316
-0.751507,0.000506,0.206405,-0.701507,0.000506,0.206405
-0.752329,0.000508,0.206488,-0.702329,0.000508,0.206488
-0.753153,0.000510,0.206563,-0.703153,0.000510,0.206563
-0.753981,0.000513,0.206632,-0.703981,0.000513,0.206632
-0.754810,0.000517,0.206693,-0.704810,0.000517,0.206693
-0.755640,0.000519,0.206747,-0.705640,0.000519,0.206747
-0.756465,0.000523,0.206792,-0.706465,0.000523,0.206792
-0.757288,0.000528,0.206830,-0.707288,0.000528,0.206830
-0.758117,0.000530,0.206861,-0.708117,0.000530,0.206861
-0.758944,0.000531,0.206885,-0.708944,0.000531,0.206885
-0.759774,0.000533,0.206904,-0.709774,0.000533,0.206904
-0.760600,0.000534,0.206915,-0.710600,0.000534,0.206915
-0.761427,0.000533,0.206918,-0.711427,0.000533,0.206918
-0.762255,0.000535,0.206914,-0.712255,0.000535,0.206914
-0.763083,0.000539,0.206903,-0.713083,0.000539,0.206903
-0.763910,0.000539,0.206886,-0.713910,0.000539,0.206886
-0.764742,0.000544,0.206864,-0.714742,0.000544,0.206864
-0.765572,0.000549,0.206836,-0.715572,0.000549,0.206836
-0.766405,0.000555,0.206801,-0.716405,0.000555,0.206801
-0.767238,0.000558,0.206757,-0.717238,0.000558,0.206757
-0.768087,0.000563,0.206710,-0.718087,0.000563,0.206710
-0.768934,0.000567,0.206657,-0.718934,0.000567,0.206657
-0.769783,0.000570,0.206599,-0.719783,0.000570,0.206599
-0.770631,0.000574,0.206535,-0.720631,0.000574,0.206535
-0.771476,0.000580,0.206467,-0.721476,0.000580,0.206467
-0.772327,0.000591,0.206392,-0.722327,0.000591,0.206392
-0.773168,0.000601,0.206315,-0.723168,0.000601,0.206315
-0.774017,0.000610,0.206233,-0.724017,0.000610,0.206233
-0.774872,0.000625,0.206148,-0.724872,0.000625,0.206148
-0.775727,0.000638,0.206060,-0.725727,0.000638,0.206060
-0.776590,0.000651,0.205969,-0.726590,0.000651,0.205969
-0.777454,0.000664,0.205875,-0.727454,0.000664,0.205875
-0.778317,0.000682,0.205777,-0.728317,0.000682,0.205777
-0.779184,0.000702,0.205678,-0.729184,0.000702,0.205678
-0.780053,0.000721,0.205573,-0.730053,0.000721,0.205573
-0.780929,0.000741,0.205469,-0.730929,0.000741,0.205469
-0.781807,0.000755,0.205364,-0.731807,0.000755,0.205364
-0.782690,0.000773,0.205253,-0.732690,0.000773,0.205253
-0.783582,0.000784,0.205141,-0.733582,0.000784,0.205141
-0.784474,0.000790,0.205030,-0.734474,0.000790,0.205030
-0.785372,0.000796,0.204919,-0.735372,0.000796,0.204919
-0.786271,0.000809,0.204804,-0.736271,0.000809,0.204804
-0.787176,0.000817,0.204683,-0.737176,0.000817,0.204683
-0.788085,0.000824,0.204562,-0.738085,0.000824,0.204562
-0.789002,0.000831,0.204444,-0.739002,0.000831,0.204444
-0.789921,0.000837,0.204326,-0.739921,0.000837,0.204326
-0.790842,0.000843,0.204207,-0.740842,0.000843,0.204207
-0.791771,0.000851,0.204085,-0.741771,0.000851,0.204085
-0.792694,0.000854,0.203961,-0.742694,0.000854,0.203961
-0.793617,0.000860,0.203838,-0.743617,0.000860,0.203838
-0.794549,0.000868,0.203709,-0.744549,0.000868,0.203709
-0.795487,0.000868,0.203573,-0.745487,0.000868,0.203573
-0.796416,0.000866,0.203432,-0.746416,0.000866,0.203432
-0.797350,0.000868,0.203284,-0.747350,0.000868,0.203284
-0.798281,0.000872,0.203136,-0.748281,0.000872,0.203136
-0.799216,0.000877,0.202980,-0.749216,0.000877,0.202980
-0.800149,0.000881,0.202822,-0.750149,0.000881,0.202822
-0.801078,0.000893,0.202661,-0.751078,0.000893,0.202661
-0.802008,0.000899,0.202493,-0.752008,0.000899,0.202493
-0.802941,0.000904,0.202327,-0.752941,0.000904,0.202327
-0.803869,0.000911,0.202163,-0.753869,0.000911,0.202163
-0.804793,0.000914,0.202005,-0.754793,0.000914,0.202005
-0.805724,0.000918,0.201851,-0.755724,0.000918,0.201851
-0.806645,0.000921,0.201702,-0.756645,0.000921,0.201702
-0.807564,0.000920,0.201572,-0.757564,0.000920,0.201572
-0.808479,0.000919,0.201446,-0.758479,0.000919,0.201446
-0.809384,0.000912,0.201343,-0.759384,0.000912,0.201343
-0.810283,0.000903,0.201249,-0.760283,0.000903,0.201249
-0.811178,0.000912,0.201156,-0.761178,0.000912,0.201156
-0.812067,0.000911,0.201088,-0.762067,0.000911,0.201088
-0.812948,0.000910,0.201035,-0.762948,0.000910,0.201035
-0.813829,0.000912,0.200991,-0.763829,0.000912,0.200991
-0.814700,0.000907,0.200963,-0.764700,0.000907,0.200963
-0.815564,0.000890,0.200954,-0.765564,0.000890,0.200954
-0.816422,0.000885,0.200966,-0.766422,0.000885,0.200966
-0.817275,0.000879,0.200996,-0.767275,0.000879,0.200996
-0.818127,0.000871,0.201025,-0.768127,0.000871,0.201025
-0.818976,0.000869,0.201072,-0.768976,0.000869,0.201072
-0.819817,0.000877,0.201138,-0.769817,0.000877,0.201138
-0.820665,0.000884,0.201211,-0.770665,0.000884,0.201211
-0.821507,0.000886,0.201301,-0.771507,0.000886,0.201301
-0.822352,0.000885,0.201388,-0.772352,0.000885,0.201388
-0.823187,0.000883,0.201486,-0.773187,0.000883,0.201486
-0.824021,0.000880,0.201586,-0.774021,0.000880,0.201586
-0.824849,0.000874,0.201686,-0.774849,0.000874,0.201686
-0.825677,0.000873,0.201796,-0.775677,0.000873,0.201796
-0.826507,0.000869,0.201908,-0.776507,0.000869,0.201908
-0.827334,0.000881,0.202032,-0.777334,0.000881,0.202032
-0.828157,0.000896,0.202157,-0.778157,0.000896,0.202157
-0.828981,0.000897,0.202281,-0.778981,0.000897,0.202281
-0.829804,0.000892,0.202402,-0.779804,0.000892,0.202402
-0.830631,0.000887,0.202522,-0.780631,0.000887,0.202522
-0.831456,0.000884,0.202642,-0.781456,0.000884,0.202642
-0.832281,0.000883,0.202765,-0.782281,0.000883,0.202765
-0.833098,0.000888,0.202883,-0.783098,0.000888,0.202883
-0.833915,0.000893,0.202998,-0.783915,0.000893,0.202998
-0.834724,0.000891,0.203112,-0.784724,0.000891,0.203112
-0.835536,0.000889,0.203224,-0.785536,0.000889,0.203224
-0.836340,0.000884,0.203329,-0.786340,0.000884,0.203329
-0.837145,0.000877,0.203432,-0.787145,0.000877,0.203432
-0.837959,0.000874,0.203532,-0.787959,0.000874,0.203532
-0.838775,0.000863,0.203629,-0.788775,0.000863,0.203629
-0.839585,0.000860,0.203722,-0.789585,0.000860,0.203722
-0.840401,0.000857,0.203804,-0.790401,0.000857,0.203804
-0.841219,0.000849,0.203877,-0.791219,0.000849,0.203877
-0.842034,0.000840,0.203948,-0.792034,0.000840,0.203948
-0.842849,0.000836,0.204007,-0.792849,0.000836,0.204007
-0.843661,0.000833,0.204058,-0.793661,0.000833,0.204058
-0.844473,0.000830,0.204097,-0.794473,0.000830,0.204097
-0.845286,0.000830,0.204128,-0.795286,0.000830,0.204128
-0.846088,0.000823,0.204155,-0.796088,0.000823,0.204155
-0.846890,0.000820,0.204171,-0.796890,0.000820,0.204171
-0.847697,0.000810,0.204181,-0.797697,0.000810,0.204181
-0.848512,0.000802,0.204186,-0.798512,0.000802,0.204186
-0.849321,0.000796,0.204183,-0.799321,0.000796,0.204183
-0.850126,0.000791,0.204171,-0.800126,0.000791,0.204171
-0.850929,0.000785,0.204156,-0.800929,0.000785,0.204156
-0.851731,0.000779,0.204134,-0.801731,0.000779,0.204134
-0.852538,0.000776,0.204108,-0.802538,0.000776,0.204108
-0.853349,0.000773,0.204073,-0.803349,0.000773,0.204073
-0.854159,0.000769,0.204035,-0.804159,0.000769,0.204035
-0.854963,0.000767,0.203990,-0.804963,0.000767,0.203990
-0.855771,0.000770,0.203943,-0.805771,0.000770,0.203943
-0.856581,0.000769,0.203891,-0.806581,0.000769,0.203891
-0.857378,0.000766,0.203835,-0.807378,0.000766,0.203835
-0.858187,0.000761,0.203780,-0.808187,0.000761,0.203780
-0.859001,0.000761,0.203722,-0.809001,0.000761,0.203722
-0.859815,0.000757,0.203659,-0.809815,0.000757,0.203659
-0.860629,0.000756,0.203596,-0.810629,0.000756,0.203596
-0.861448,0.000756,0.203533,-0.811448,0.000756,0.203533
-0.862266,0.000758,0.203469,-0.812266,0.000758,0.203469
-0.863084,0.000761,0.203402,-0.813084,0.000761,0.203402
-0.863906,0.000765,0.203330,-0.813906,0.000765,0.203330
-0.864722,0.000765,0.203256,-0.814722,0.000765,0.203256
-0.865544,0.000763,0.203185,-0.815544,0.000763,0.203185
-0.866379,0.000765,0.203108,-0.816379,0.000765,0.203108
-0.867219,0.000769,0.203029,-0.817219,0.000769,0.203029
-0.868059,0.000777,0.202950,-0.818059,0.000777,0.202950
-0.868902,0.000784,0.202872,-0.818902,0.000784,0.202872
-0.869746,0.000791,0.202793,-0.819746,0.000791,0.202793
-0.870592,0.000790,0.202713,-0.820592,0.000790,0.202713
-0.871442,0.000791,0.202633,-0.821442,0.000791,0.202633
-0.872284,0.000798,0.202552,-0.822284,0.000798,0.202552
-0.873137,0.000798,0.202472,-0.823137,0.000798,0.202472
-0.873997,0.000799,0.202389,-0.823997,0.000799,0.202389
-0.874866,0.000805,0.202301,-0.824866,0.000805,0.202301
-0.875725,0.000808,0.202214,-0.825725,0.000808,0.202214
-0.876592,0.000818,0.202130,-0.826592,0.000818,0.202130
-0.877455,0.000823,0.202044,-0.827455,0.000823,0.202044
-0.878329,0.000828,0.201955,-0.828329,0.000828,0.201955
-0.879208,0.000829,0.201876,-0.829208,0.000829,0.201876
-0.880086,0.000832,0.201795,-0.830086,0.000832,0.201795
-0.880971,0.000837,0.201717,-0.830971,0.000837,0.201717
-0.881859,0.000848,0.201645,-0.831859,0.000848,0.201645
-0.882741,0.000852,0.201572,-0.832741,0.000852,0.201572
-0.883625,0.000852,0.201504,-0.833625,0.000852,0.201504
-0.884513,0.000855,0.201451,-0.834513,0.000855,0.201451
-0.885403,0.000854,0.201405,-0.835403,0.000854,0.201405
-0.886293,0.000858,0.201369,-0.836293,0.000858,0.201369
-0.887184,0.000859,0.201349,-0.837184,0.000859,0.201349
-0.888079,0.000864,0.201342,-0.838079,0.000864,0.201342
-0.888958,0.000871,0.201345,-0.838958,0.000871,0.201345
-0.889849,0.000877,0.201355,-0.839849,0.000877,0.201355
-0.890744,0.000882,0.201378,-0.840744,0.000882,0.201378
-0.891631,0.000881,0.201403,-0.841631,0.000881,0.201403
-0.892519,0.000882,0.201431,-0.842519,0.000882,0.201431
-0.893404,0.000882,0.201463,-0.843404,0.000882,0.201463
-0.894279,0.000885,0.201499,-0.844279,0.000885,0.201499
-0.895162,0.000886,0.201536,-0.845162,0.000886,0.201536
-0.896040,0.000883,0.201570,-0.846040,0.000883,0.201570
-0.896916,0.000881,0.201610,-0.846916,0.000881,0.201610
-0.897783,0.000871,0.201659,-0.847783,0.000871,0.201659
-0.898652,0.000864,0.201713,-0.848652,0.000864,0.201713
-0.899516,0.000865,0.201759,-0.849516,0.000865,0.201759
-0.900377,0.000877,0.201810,-0.850377,0.000877,0.201810
-0.901245,0.000881,0.201861,-0.851245,0.000881,0.201861
-0.902106,0.000888,0.201916,-0.852106,0.000888,0.201916
-0.902972,0.000903,0.201972,-0.852972,0.000903,0.201972
-0.903825,0.000899,0.202034,-0.853825,0.000899,0.202034
-0.904678,0.000888,0.202096,-0.854678,0.000888,0.202096
-0.905534,0.000890,0.202154,-0.855534,0.000890,0.202154
-0.906397,0.000887,0.202212,-0.856397,0.000887,0.202212
-0.907250,0.000875,0.202268,-0.857250,0.000875,0.202268
-0.908099,0.000868,0.202323,-0.858099,0.000868,0.202323
-0.908942,0.000868,0.202378,-0.858942,0.000868,0.202378
-0.909792,0.000862,0.202434,-0.859792,0.000862,0.202434
-0.910642,0.000861,0.202487,-0.860642,0.000861,0.202487
-0.911490,0.000861,0.202540,-0.861490,0.000861,0.202540
-0.912325,0.000860,0.202590,-0.862325,0.000860,0.202590
-0.913172,0.000857,0.202637,-0.863172,0.000857,0.202637
-0.914011,0.000861,0.202684,-0.864011,0.000861,0.202684
-0.914850,0.000865,0.202730,-0.864850,0.000865,0.202730
-0.915688,0.000869,0.202776,-0.865688,0.000869,0.202776
-0.916531,0.000879,0.202817,-0.866531,0.000879,0.202817
-0.917367,0.000881,0.202856,-0.867367,0.000881,0.202856
-0.918210,0.000891,0.202890,-0.868210,0.000891,0.202890
-0.919055,0.000899,0.202922,-0.869055,0.000899,0.202922
-0.919897,0.000901,0.202947,-0.869897,0.000901,0.202947
-0.920741,0.000906,0.202967,-0.870741,0.000906,0.202967
-0.921577,0.000913,0.202987,-0.871577,0.000913,0.202987
-0.922420,0.000914,0.203001,-0.872420,0.000914,0.203001
-0.923259,0.000920,0.203015,-0.873259,0.000920,0.203015
-0.924096,0.000924,0.203025,-0.874096,0.000924,0.203025
-0.924931,0.000929,0.203036,-0.874931,0.000929,0.203036
-0.925761,0.000931,0.203042,-0.875761,0.000931,0.203042
-0.926593,0.000931,0.203050,-0.876593,0.000931,0.203050
-0.927424,0.000930,0.203057,-0.877424,0.000930,0.203057
-0.928251,0.000925,0.203061,-0.878251,0.000925,0.203061
-0.929082,0.000925,0.203064,-0.879082,0.000925,0.203064
-0.929911,0.000926,0.203065,-0.879911,0.000926,0.203065
-0.930739,0.000938,0.203070,-0.880739,0.000938,0.203070
-0.931559,0.000947,0.203084,-0.881559,0.000947,0.203084
-0.932383,0.000959,0.203101,-0.882383,0.000959,0.203101
-0.933203,0.000963,0.203110,-0.883203,0.000963,0.203110
-0.934022,0.000970,0.203113,-0.884022,0.000970,0.203113
-0.934846,0.000978,0.203116,-0.884846,0.000978,0.203116
-0.935661,0.000992,0.203116,-0.885661,0.000992,0.203116
-0.936478,0.001009,0.203112,-0.886478,0.001009,0.203112
-0.937295,0.001028,0.203103,-0.887295,0.001028,0.203103
-0.938109,0.001040,0.203093,-0.888109,0.001040,0.203093
-0.938920,0.001048,0.203081,-0.888920,0.001048,0.203081
-0.939716,0.001066,0.203070,-0.889716,0.001066,0.203070
-0.940514,0.001079,0.203062,-0.890514,0.001079,0.203062
-0.941323,0.001087,0.203057,-0.891323,0.001087,0.203057
-0.942132,0.001096,0.203057,-0.892132,0.001096,0.203057
-0.942936,0.001101,0.203058,-0.892936,0.001101,0.203058
-0.943755,0.001106,0.203059,-0.893755,0.001106,0.203059
-0.944576,0.001109,0.203058,-0.894576,0.001109,0.203058
-0.945397,0.001113,0.203057,-0.895397,0.001113,0.203057
-0.946217,0.001121,0.203055,-0.896217,0.001121,0.203055
-0.947045,0.001123,0.203051,-0.897045,0.001123,0.203051
-0.947870,0.001122,0.203050,-0.897870,0.001122,0.203050
-0.948695,0.001116,0.203046,-0.898695,0.001116,0.203046
-0.949529,0.001110,0.203036,-0.899529,0.001110,0.203036
-0.950353,0.001107,0.203025,-0.900353,0.001107,0.203025
-0.951184,0.001106,0.203009,-0.901184,0.001106,0.203009
-0.952021,0.001104,0.202989,-0.902021,0.001104,0.202989
-0.952856,0.001101,0.202966,-0.902856,0.001101,0.202966
-0.953692,0.001100,0.202943,-0.903692,0.001100,0.202943
-0.954529,0.001100,0.202918,-0.904529,0.001100,0.202918
-0.955376,0.001108,0.202890,-0.905376,0.001108,0.202890
-0.956216,0.001115,0.202860,-0.906216,0.001115,0.202860
-0.957065,0.001115,0.202827,-0.907065,0.001115,0.202827
-0.957914,0.001118,0.202799,-0.907914,0.001118,0.202799
-0.958768,0.001119,0.202767,-0.908768,0.001119,0.202767
-0.959620,0.001118,0.202733,-0.909620,0.001118,0.202733
-0.960482,0.001121,0.202699,-0.910482,0.001121,0.202699
-0.961345,0.001126,0.202671,-0.911345,0.001126,0.202671
-0.962205,0.001134,0.202642,-0.912205,0.001134,0.202642
-0.963061,0.001134,0.202617,-0.913061,0.001134,0.202617
-0.963930,0.001146,0.202594,-0.913930,0.001146,0.202594
-0.964798,0.001158,0.202573,-0.914798,0.001158,0.202573
-0.965672,0.001159,0.202555,-0.915672,0.001159,0.202555
-0.966553,0.001159,0.202536,-0.916553,0.001159,0.202536
-0.967431,0.001165,0.202517,-0.917431,0.001165,0.202517
-0.968310,0.001171,0.202497,-0.918310,0.001171,0.202497
-0.969182,0.001180,0.202480,-0.919182,0.001180,0.202480
-0.970062,0.001188,0.202466,-0.920062,0.001188,0.202466
-0.970929,0.001193,0.202454,-0.920929,0.001193,0.202454
-0.971803,0.001195,0.202443,-0.921803,0.001195,0.202443
-0.972683,0.001198,0.202440,-0.922683,0.001198,0.202440
-0.973560,0.001197,0.202432,-0.923560,0.001197,0.202432
-0.974446,0.001199,0.202426,-0.924446,0.001199,0.202426
-0.975327,0.001202,0.202422,-0.925327,0.001202,0.202422
-0.976210,0.001209,0.202419,-0.926210,0.001209,0.202419
-0.977099,0.001209,0.202416,-0.927099,0.001209,0.202416
-0.977981,0.001203,0.202413,-0.927981,0.001203,0.202413
-0.978868,0.001197,0.202409,-0.928868,0.001197,0.202409
-0.979758,0.001188,0.202412,-0.929758,0.001188,0.202412
-0.980652,0.001188,0.202408,-0.930652,0.001188,0.202408
-0.981549,0.001194,0.202412,-0.931549,0.001194,0.202412
-0.982433,0.001190,0.202412,-0.932433,0.001190,0.202412
-0.983322,0.001183,0.202415,-0.933322,0.001183,0.202415
-0.984210,0.001174,0.202425,-0.934210,0.001174,0.202425
-0.985106,0.001160,0.202438,-0.935106,0.001160,0.202438
-0.985999,0.001153,0.202452,-0.935999,0.001153,0.202452
-0.986895,0.001152,0.202462,-0.936895,0.001152,0.202462
-0.987785,0.001153,0.202474,-0.937785,0.001153,0.202474
-0.988675,0.001160,0.202486,-0.938675,0.001160,0.202486
-0.989570,0.001164,0.202499,-0.939570,0.001164,0.202499
-0.990464,0.001164,0.202509,-0.940464,0.001164,0.202509
-0.991353,0.001165,0.202517,-0.941353,0.001165,0.202517
-0.992247,0.001165,0.202521,-0.942247,0.001165,0.202521
-0.993145,0.001162,0.202522,-0.943145,0.001162,0.202522
-0.994041,0.001157,0.202519,-0.944041,0.001157,0.202519
-0.994933,0.001151,0.202515,-0.944933,0.001151,0.202515
-0.995828,0.001148,0.202512,-0.945828,0.001148,0.202512
-0.996711,0.001148,0.202507,-0.946711,0.001148,0.202507
-0.997589,0.001144,0.202503,-0.947589,0.001144,0.202503
-0.998470,0.001138,0.202497,-0.948470,0.001138,0.202497
-0.999351,0.001135,0.202494,-0.949351,0.001135,0.202494
-1.000229,0.001134,0.202491,-0.950229,0.001134,0.202491
-1.001106,0.001137,0.202488,-0.951106,0.001137,0.202488
-1.001979,0.001137,0.202487,-0.951979,0.001137,0.202487
-1.002851,0.001136,0.202485,-0.952851,0.001136,0.202485
-1.003722,0.001135,0.202484,-0.953722,0.001135,0.202484
-1.004587,0.001140,0.202484,-0.954587,0.001140,0.202484
-1.005446,0.001146,0.202483,-0.955446,0.001146,0.202483
-1.006310,0.001150,0.202478,-0.956310,0.001150,0.202478
-1.007170,0.001155,0.202477,-0.957170,0.001155,0.202477
-1.008024,0.001162,0.202479,-0.958024,0.001162,0.202479
-1.008884,0.001161,0.202482,-0.958884,0.001161,0.202482
-1.009744,0.001166,0.202484,-0.959744,0.001166,0.202484
-1.010597,0.001173,0.202482,-0.960597,0.001173,0.202482
-1.011442,0.001171,0.202477,-0.961442,0.001171,0.202477
-1.012295,0.001174,0.202476,-0.962295,0.001174,0.202476
-1.013140,0.001181,0.202472,-0.963140,0.001181,0.202472
-1.013989,0.001185,0.202472,-0.963989,0.001185,0.202472
-1.014829,0.001195,0.202462,-0.964829,0.001195,0.202462
-1.015675,0.001206,0.202458,-0.965675,0.001206,0.202458
-1.016519,0.001216,0.202450,-0.966519,0.001216,0.202450
-1.017365,0.001229,0.202441,-0.967365,0.001229,0.202441
-1.018207,0.001236,0.202428,-0.968207,0.001236,0.202428
-1.019044,0.001240,0.202412,-0.969044,0.001240,0.202412
-1.019881,0.001248,0.202399,-0.969881,0.001248,0.202399
-1.020713,0.001248,0.202389,-0.970713,0.001248,0.202389
-1.021542,0.001255,0.202379,-0.971542,0.001255,0.202379
-1.022370,0.001270,0.202362,-0.972370,0.001270,0.202362
-1.023195,0.001285,0.202348,-0.973195,0.001285,0.202348
-1.024010,0.001293,0.202336,-0.974010,0.001293,0.202336
-1.024830,0.001295,0.202321,-0.974830,0.001295,0.202321
-1.025650,0.001309,0.202303,-0.975650,0.001309,0.202303
-1.026471,0.001321,0.202284,-0.976471,0.001321,0.202284
-1.027289,0.001323,0.202270,-0.977289,0.001323,0.202270
-1.028110,0.001332,0.202261,-0.978110,0.001332,0.202261
-1.028929,0.001334,0.202252,-0.978929,0.001334,0.202252
-1.029741,0.001340,0.202249,-0.979741,0.001340,0.202249
-1.030555,0.001348,0.202247,-0.980555,0.001348,0.202247
-1.031373,0.001352,0.202247,-0.981373,0.001352,0.202247
-1.032192,0.001360,0.202251,-0.982192,0.001360,0.202251
-1.033000,0.001368,0.202253,-0.983000,0.001368,0.202253
-1.033813,0.001382,0.202255,-0.983813,0.001382,0.202255
-1.034624,0.001387,0.202249,-0.984624,0.001387,0.202249
-1.035433,0.001391,0.202250,-0.985433,0.001391,0.202250
-1.036241,0.001394,0.202249,-0.986241,0.001394,0.202249
-1.037049,0.001401,0.202247,-0.987049,0.001401,0.202247
-1.037861,0.001407,0.202249,-0.987861,0.001407,0.202249
-1.038677,0.001416,0.202248,-0.988677,0.001416,0.202248
-1.039488,0.001422,0.202252,-0.989488,0.001422,0.202252
-1.040289,0.001433,0.202252,-0.990289,0.001433,0.202252
-1.041094,0.001442,0.202258,-0.991094,0.001442,0.202258
-1.041907,0.001448,0.202272,-0.991907,0.001448,0.202272
-1.042706,0.001445,0.202286,-0.992706,0.001445,0.202286
-1.043522,0.001443,0.202310,-0.993522,0.001443,0.202310
-1.044328,0.001444,0.202337,-0.994328,0.001444,0.202337
-1.045136,0.001436,0.202367,-0.995136,0.001436,0.202367
-1.045948,0.001430,0.202402,-0.995948,0.001430,0.202402
-1.046758,0.001426,0.202433,-0.996758,0.001426,0.202433
-1.047567,0.001415,0.202464,-0.997567,0.001415,0.202464
-1.048376,0.001405,0.202500,-0.998376,0.001405,0.202500
-1.049185,0.001397,0.202542,-0.999185,0.001397,0.202542
-1.050001,0.001390,0.202585,-1.000001,0.001390,0.202585
-1.050811,0.001387,0.202633,-1.000811,0.001387,0.202633
-1.051621,0.001378,0.202678,-1.001621,0.001378,0.202678
-1.052430,0.001374,0.202726,-1.002430,0.001374,0.202726
-1.053239,0.001370,0.202772,-1.003239,0.001370,0.202772
-1.054053,0.001365,0.202817,-1.004053,0.001365,0.202817
-1.054863,0.001356,0.202859,-1.004863,0.001356,0.202859
-1.055676,0.001349,0.202898,-1.005676,0.001349,0.202898
-1.056496,0.001337,0.202941,-1.006496,0.001337,0.202941
-1.057326,0.001326,0.202984,-1.007326,0.001326,0.202984
-1.058159,0.001321,0.203033,-1.008159,0.001321,0.203033
-1.058987,0.001311,0.203087,-1.008987,0.001311,0.203087
-1.059820,0.001309,0.203143,-1.009820,0.001309,0.203143
-1.060659,0.001300,0.203200,-1.010659,0.001300,0.203200
-1.061505,0.001300,0.203263,-1.011505,0.001300,0.203263
-1.062354,0.001290,0.203331,-1.012354,0.001290,0.203331
-1.063200,0.001282,0.203400,-1.013200,0.001282,0.203400
-1.064055,0.001278,0.203469,-1.014055,0.001278,0.203469
-1.064922,0.001281,0.203537,-1.014922,0.001281,0.203537
-1.065792,0.001288,0.203608,-1.015792,0.001288,0.203608
-1.066669,0.001296,0.203677,-1.016669,0.001296,0.203677
-1.067540,0.001297,0.203741,-1.017540,0.001297,0.203741
-1.068412,0.001304,0.203803,-1.018412,0.001304,0.203803
-1.069288,0.001310,0.203862,-1.019288,0.001310,0.203862
-1.070167,0.001320,0.203920,-1.020167,0.001320,0.203920
-1.071047,0.001327,0.203973,-1.021047,0.001327,0.203973
-1.071927,0.001338,0.204018,-1.021927,0.001338,0.204018
-1.072807,0.001351,0.204059,-1.022807,0.001351,0.204059
-1.073683,0.001364,0.204095,-1.023683,0.001364,0.204095
-1.074556,0.001373,0.204128,-1.024556,0.001373,0.204128
-1.075440,0.001378,0.204156,-1.025440,0.001378,0.204156
-1.076318,0.001377,0.204179,-1.026318,0.001377,0.204179
-1.077199,0.001380,0.204200,-1.027199,0.001380,0.204200
-1.078074,0.001382,0.204213,-1.028074,0.001382,0.204213
-1.078946,0.001385,0.204224,-1.028946,0.001385,0.204224
-1.079820,0.001387,0.204229,-1.029820,0.001387,0.204229
-1.080693,0.001388,0.204228,-1.030693,0.001388,0.204228
-1.081569,0.001386,0.204221,-1.031569,0.001386,0.204221
-1.082439,0.001386,0.204204,-1.032439,0.001386,0.204204
-1.083310,0.001379,0.204181,-1.033310,0.001379,0.204181
-1.084183,0.001372,0.204151,-1.034183,0.001372,0.204151
-1.085051,0.001370,0.204115,-1.035051,0.001370,0.204115
-1.085923,0.001375,0.204073,-1.035923,0.001375,0.204073
-1.086790,0.001378,0.204026,-1.036790,0.001378,0.204026
-1.087659,0.001378,0.203969,-1.037659,0.001378,0.203969
-1.088530,0.001378,0.203907,-1.038530,0.001378,0.203907
-1.089392,0.001374,0.203840,-1.039392,0.001374,0.203840
-1.090257,0.001370,0.203765,-1.040257,0.001370,0.203765
-1.091121,0.001368,0.203683,-1.041121,0.001368,0.203683
-1.091985,0.001363,0.203596,-1.041985,0.001363,0.203596
-1.092852,0.001357,0.203507,-1.042852,0.001357,0.203507
-1.093715,0.001352,0.203415,-1.043715,0.001352,0.203415
-1.094579,0.001350,0.203319,-1.044579,0.001350,0.203319
-1.095450,0.001344,0.203220,-1.045450,0.001344,0.203220
-1.096319,0.001345,0.203118,-1.046319,0.001345,0.203118
-1.097184,0.001344,0.203014,-1.047184,0.001344,0.203014
-1.098055,0.001345,0.202915,-1.048055,0.001345,0.202915
-1.098924,0.001344,0.202811,-1.048924,0.001344,0.202811
-1.099792,0.001342,0.202709,-1.049792,0.001342,0.202709
-1.100661,0.001346,0.202611,-1.050661,0.001346,0.202611
-1.101526,0.001354,0.202517,-1.051526,0.001354,0.202517
-1.102390,0.001357,0.202426,-1.052390,0.001357,0.202426
-1.103266,0.001356,0.202340,-1.053266,0.001356,0.202340
-1.104138,0.001355,0.202260,-1.054138,0.001355,0.202260
-1.105011,0.001354,0.202183,-1.055011,0.001354,0.202183
-1.105882,0.001353,0.202108,-1.055882,0.001353,0.202108
-1.106756,0.001365,0.202043,-1.056756,0.001365,0.202043
-1.107624,0.001380,0.201981,-1.057624,0.001380,0.201981
-1.108494,0.001389,0.201926,-1.058494,0.001389,0.201926
-1.109364,0.001393,0.201868,-1.059364,0.001393,0.201868
-1.110227,0.001394,0.201807,-1.060227,0.001394,0.201807
-1.111095,0.001391,0.201756,-1.061095,0.001391,0.201756
-1.111955,0.001391,0.201702,-1.061955,0.001391,0.201702
-1.112818,0.001401,0.201657,-1.062818,0.001401,0.201657
-1.113674,0.001411,0.201623,-1.063674,0.001411,0.201623
-1.114526,0.001414,0.201598,-1.064526,0.001414,0.201598
-1.115372,0.001409,0.201573,-1.065372,0.001409,0.201573
-1.116224,0.001406,0.201557,-1.066224,0.001406,0.201557
-1.117071,0.001409,0.201549,-1.067071,0.001409,0.201549
-1.117922,0.001412,0.201537,-1.067922,0.001412,0.201537
-1.118773,0.001420,0.201540,-1.068773,0.001420,0.201540
-1.119623,0.001421,0.201541,-1.069623,0.001421,0.201541
-1.120470,0.001433,0.201546,-1.070470,0.001433,0.201546
-1.121307,0.001440,0.201553,-1.071307,0.001440,0.201553
-1.122148,0.001450,0.201566,-1.072148,0.001450,0.201566
-1.122993,0.001469,0.201587,-1.072993,0.001469,0.201587
-1.123830,0.001474,0.201609,-1.073830,0.001474,0.201609
-1.124661,0.001481,0.201639,-1.074661,0.001481,0.201639
-1.125485,0.001492,0.201679,-1.075485,0.001492,0.201679
-1.126316,0.001497,0.201724,-1.076316,0.001497,0.201724
-1.127148,0.001509,0.201770,-1.077148,0.001509,0.201770
-1.127984,0.001519,0.201815,-1.077984,0.001519,0.201815
-1.128804,0.001530,0.201863,-1.078804,0.001530,0.201863
-1.129634,0.001543,0.201909,-1.079634,0.001543,0.201909
-1.130455,0.001554,0.201958,-1.080455,0.001554,0.201958
-1.131277,0.001560,0.202010,-1.081277,0.001560,0.202010
-1.132095,0.001564,0.202065,-1.082095,0.001564,0.202065
-1.132919,0.001570,0.202120,-1.082919,0.001570,0.202120
-1.133737,0.001574,0.202172,-1.083737,0.001574,0.202172
-1.134559,0.001581,0.202218,-1.084559,0.001581,0.202218
-1.135375,0.001585,0.202262,-1.085375,0.001585,0.202262
-1.136190,0.001590,0.202303,-1.086190,0.001590,0.202303
-1.137014,0.001594,0.202343,-1.087014,0.001594,0.202343
-1.137835,0.001595,0.202379,-1.087835,0.001595,0.202379
-1.138660,0.001594,0.202410,-1.088660,0.001594,0.202410
-1.139484,0.001593,0.202441,-1.089484,0.001593,0.202441
-1.140311,0.001590,0.202472,-1.090311,0.001590,0.202472
-1.141144,0.001590,0.202500,-1.091144,0.001590,0.202500
-1.141981,0.001587,0.202525,-1.091981,0.001587,0.202525
-1.142816,0.001583,0.202548,-1.092816,0.001583,0.202548
-1.143650,0.001578,0.202568,-1.093650,0.001578,0.202568
-1.144490,0.001579,0.202592,-1.094490,0.001579,0.202592
-1.145329,0.001584,0.202614,-1.095329,0.001584,0.202614
-1.146173,0.001585,0.202632,-1.096173,0.001585,0.202632
-1.147016,0.001583,0.202648,-1.097016,0.001583,0.202648
-1.147867,0.001586,0.202662,-1.097867,0.001586,0.202662
-1.148717,0.001587,0.202673,-1.098717,0.001587,0.202673
-1.149568,0.001585,0.202682,-1.099568,0.001585,0.202682
-1.150418,0.001587,0.202684,-1.100418,0.001587,0.202684
-1.151273,0.001592,0.202685,-1.101273,0.001592,0.202685
-1.152120,0.001595,0.202684,-1.102120,0.001595,0.202684
-1.152971,0.001596,0.202680,-1.102971,0.001596,0.202680
-1.153824,0.001597,0.202674,-1.103824,0.001597,0.202674
-1.154681,0.001598,0.202665,-1.104681,0.001598,0.202665
-1.155543,0.001606,0.202654,-1.105543,0.001606,0.202654
-1.156404,0.001609,0.202642,-1.106404,0.001609,0.202642
-1.157267,0.001612,0.202629,-1.107267,0.001612,0.202629
-1.158128,0.001617,0.202617,-1.108128,0.001617,0.202617
-1.158993,0.001622,0.202602,-1.108993,0.001622,0.202602
-1.159861,0.001628,0.202586,-1.109861,0.001628,0.202586
-1.160732,0.001633,0.202569,-1.110732,0.001633,0.202569
-1.161610,0.001641,0.202556,-1.111610,0.001641,0.202556
-1.162486,0.001646,0.202539,-1.112486,0.001646,0.202539
-1.163358,0.001649,0.202526,-1.113358,0.001649,0.202526
-1.164232,0.001654,0.202512,-1.114232,0.001654,0.202512
-1.165111,0.001656,0.202499,-1.115111,0.001656,0.202499
-1.165986,0.001659,0.202490,-1.115986,0.001659,0.202490
-1.166860,0.001666,0.202482,-1.116860,0.001666,0.202482
-1.167730,0.001671,0.202476,-1.117730,0.001671,0.202476
-1.168606,0.001669,0.202468,-1.118606,0.001669,0.202468
-1.169477,0.001661,0.202460,-1.119477,0.001661,0.202460
-1.170347,0.001658,0.202445,-1.120347,0.001658,0.202445
-1.171221,0.001653,0.202431,-1.121221,0.001653,0.202431
-1.172096,0.001650,0.202412,-1.122096,0.001650,0.202412
-1.172977,0.001649,0.202390,-1.122977,0.001649,0.202390
-1.173856,0.001646,0.202364,-1.123856,0.001646,0.202364
-1.174732,0.001640,0.202339,-1.124732,0.001640,0.202339
-1.175606,0.001636,0.202311,-1.125606,0.001636,0.202311
-1.176478,0.001632,0.202281,-1.126478,0.001632,0.202281
-1.177357,0.001628,0.202250,-1.127357,0.001628,0.202250
-1.178222,0.001623,0.202219,-1.128222,0.001623,0.202219
-1.179094,0.001619,0.202189,-1.129094,0.001619,0.202189
-1.179967,0.001616,0.202159,-1.129967,0.001616,0.202159
-1.180842,0.001610,0.202127,-1.130842,0.001610,0.202127
-1.181718,0.001601,0.202092,-1.131718,0.001601,0.202092
-1.182592,0.001593,0.202057,-1.132592,0.001593,0.202057
-1.183451,0.001588,0.202025,-1.133451,0.001588,0.202025
-1.184319,0.001586,0.201990,-1.134319,0.001586,0.201990
-1.185181,0.001588,0.201952,-1.135181,0.001588,0.201952
-1.186053,0.001587,0.201919,-1.136053,0.001587,0.201919
-1.186920,0.001592,0.201889,-1.136920,0.001592,0.201889
-1.187790,0.001589,0.201859,-1.137790,0.001589,0.201859
-1.188663,0.001580,0.201838,-1.138663,0.001580,0.201838
-1.189523,0.001571,0.201818,-1.139523,0.001571,0.201818
-1.190378,0.001574,0.201798,-1.140378,0.001574,0.201798
-1.191227,0.001575,0.201780,-1.141227,0.001575,0.201780
-1.192080,0.001583,0.201770,-1.142080,0.001583,0.201770
-1.192934,0.001585,0.201763,-1.142934,0.001585,0.201763
-1.193773,0.001598,0.201755,-1.143773,0.001598,0.201755
-1.194617,0.001611,0.201753,-1.144617,0.001611,0.201753
-1.195464,0.001609,0.201760,-1.145464,0.001609,0.201760
-1.196310,0.001615,0.201769,-1.146310,0.001615,0.201769
-1.197144,0.001627,0.201782,-1.147144,0.001627,0.201782
-1.197981,0.001639,0.201794,-1.147981,0.001639,0.201794
-1.198810,0.001644,0.201816,-1.148810,0.001644,0.201816
-1.199642,0.001647,0.201835,-1.149642,0.001647,0.201835
-1.200479,0.001650,0.201857,-1.150479,0.001650,0.201857
-1.201312,0.001658,0.201882,-1.151312,0.001658,0.201882
-1.202146,0.001661,0.201915,-1.152146,0.001661,0.201915
-1.202979,0.001660,0.201952,-1.152979,0.001660,0.201952
-1.203811,0.001658,0.201990,-1.153811,0.001658,0.201990
-1.204636,0.001670,0.202037,-1.154636,0.001670,0.202037
-1.205465,0.001673,0.202092,-1.155465,0.001673,0.202092
-1.206291,0.001672,0.202151,-1.156291,0.001672,0.202151
-1.207107,0.001675,0.202217,-1.157107,0.001675,0.202217
-1.207922,0.001681,0.202292,-1.157922,0.001681,0.202292
-1.208740,0.001683,0.202367,-1.158740,0.001683,0.202367
-1.209563,0.001690,0.202445,-1.159563,0.001690,0.202445
-1.210385,0.001694,0.202522,-1.160385,0.001694,0.202522
-1.211206,0.001699,0.202599,-1.161206,0.001699,0.202599
